model_id,005b8d97,010d7ff8,0382d152,0424b8e6,06ae6334,079c751e,08950b85,09a1fbee,09d87ed1,0a1ab3df,0a29c977,0a305f23,0a3cb49c,0a5f682d,0ac34e4c,0b333c53,0b6035fe,0c2726bf,0c28a9d3,0cd0ab49,0cd5e0a6,0d733f5f,0d9ee9f0,0dc217a0,0dda03af,0ef7efe7,0f197baa,0f857667,112f5108,113e048d,116f866f,13863e3d,13ad1c11,13eee08b,13eff39f,1415a0fe,142c5792,15b01369,16466c53,169074e2,16d85268,1701a78b,18181a77,19055f59,1964d7f4,196994f8,19bf5566,1a11d380,1abe5040,1ad01ec4,1ba439b6,1c25bceb,1c352385,1c56c3ac,1c963833,1d5c5324,1d954957,1d96df77,1da01fa2,1ebec03d,1ef5af05,1f342e11,1f778d1a,1fc4ea6b,21830867,2230268b,23d07b62,2425af47,242c5e24,2586f8e9,26e00049,273262ce,2747936d,2754f98d,27b40858,27e3a300,2817d09d,2a11e2df,2a7ab232,2abf454c,2be06026,2c22c38e,2c3ef050,2d3f04d8,2def4f07,2e0cd67a,301f578f,31315ca7,3134d019,325ce3f8,337d1b81,3394a7c4,3537397b,353ac495,35b6f2aa,37f72f13,385e3128,38603ac6,38efff55,38fdd2c7,394c5ba9,39b5c1c7,39d6aaa4,3a5d9b37,3a61a4c0,3ae668a4,3c0c8e61,3c611b75,3c901c88,3ce62af1,3d6eda22,3de43fb7,3e6b3acd,3e7ffb41,3ed5d5bd,3f405f26,3fc02dc0,40c67a43,4184808d,41a1b397,43252371,438b4440,43c37871,43d96adc,4400d985,4447f65c,4486c29e,457ef26a,45c76f3c,460ef3c0,46713c2f,46a0fd75,46fde45b,4713414e,480c07c9,48321a2e,48719e97,48cf692c,48d0b130,48d150b9,48f212fc,49989be8,4a9323cc,4aafa8bf,4ab2feaa,4add899f,4b425e14,4c5328be,4d3471ef,4dd9c819,4e9819ce,4eb7355e,4ebf3e11,4f190769,4f5f3277,4f7e5f73,502b6553,50c854e3,50dafe41,513ea9dc,516a50b2,51862d6f,521a110d,52aabb22,53690c00,54446682,547da3b8,54f779ac,54fadf18,5533901b,562c9c48,56a6ec81,56e0eb2d,5709c3ea,57591212,577acc61,57ad2a5c,58c50d23,58ef190c,59117ad5,592aea4c,597df3a0,5990bf40,5b0363f8,5b1ad4d9,5be2ec7e,5ca05f4e,5f1dfa7d,5f5c4f5d,603496e1,60b72ed7,613e57ba,61b66d28,61c2416f,650b4166,6532c0c7,65abee2f,66096a5b,664fd959,6668e511,676380d1,67ce901d,6821771c,687ef098,68f1f2e5,695e39ef,6a2b6be6,6a8f7a4c,6ac51265,6c5f342e,6c79376c,6dda3baa,6efb4bc4,6fa21275,6feb737b,7012a04a,70746c9b,7079ab91,723cbacd,72a3cf2d,732d7b33,7368b5dc,73bac722,73c87e75,746a0bba,747296c0,754d8d86,758502dd,75f6790f,7685f6a8,76cbb24b,77058c01,778e1ae1,77cdb405,78aa7cd0,7a2bec06,7a33a364,7aa32898,7ad44e8f,7b702f15,7c54e46e,7ca2bab4,7d0589d7,7d562e34,7d656882,7dd9d04e,7df98a8e,7ef62aaa,7f8a2d2b,7f979744,7fec41ec,802c7bf3,8039ee18,816b6510,8252334a,826ed04f,82b11413,82c5b260,83a72772,83c73589,83d70128,84312a1c,843b87ec,84603645,84c8dfa5,854b691a,85c77086,877ab817,8805250d,8831718f,88d6903d,88f616f9,892520de,8af469d6,8b07f29a,8b13fbf4,8bb16d1b,8d3ff6ac,8d8cf918,8dbff24b,8df76331,8e1fc3eb,8e25cc48,8e54674e,8ec0fa0f,8f0a2998,8f9192b3,8f93a064,8fe1d8bb,900776de,91886da2,91d8d86a,934ac23e,939e6094,93bcec5e,93e878e1,94148d8c,947b3a64,9486967e,9656b090,96801023,97d18985,97d8ef8c,97df6540,97e8721b,98050990,981c1830,9853d1b7,9a6d3e4c,9a799ea8,9c186bf3,9c355415,9d9c7d13,9eb33983,9eb76567,9f35be9e,9fffceb4,a018a417,a099d0e8,a0f0f492,a11ceadd,a1328eb3,a1d6db35,a37fb767,a38d4d80,a44a4cbb,a494a69d,a5ab9647,a5bc1afc,a5ede6fd,a6633eb8,a70f775a,a725e970,a802496c,a871f66e,a8da9fdc,a911fc8f,a91f4fd6,a9243003,aa2a28f0,aa3745dc,aac14a2b,ab16427f,ab78ccb2,ab7a792d,abc91723,abf698c3,ac3ed7ab,ad1bfa8b,ada1e8a9,ae07de74,ae1ebfd9,ae2e346a,ae76915b,aea7998d,aeae874e,b1368d9e,b28ab6ed,b326b7ca,b435ab94,b4476b38,b5899bc7,b59d4cb2,b5ba36e8,b5f714cf,b6ec5734,b7231697,b7527976,b77c0c7f,b77ecb22,b7c388dd,b80e0735,b83b0bed,b88a41b3,b893b1a3,b98d50da,b9ac32e8,b9e18e83,b9e6e4d3,bab71503,bb6ee718,bbdcaeb4,bc05b4aa,bc7bf9ad,bd1f2512,bd1f3195,bd9e739e,bed2fb43,bef27fdc,bf07fd3e,bfb728be,bffb8dc0,c06b690e,c0c73a31,c1a17118,c1e52f15,c23ddbda,c2e98f34,c2f01c42,c40acdb9,c49528c4,c56302cd,c5c290c7,c62e0ea0,c75cf3e9,c7bff573,c7d546fa,c81ba68a,c855429a,c8ac0301,c96190be,c9963e7c,c9965c6a,ca25d09e,ca416c8b,cb05088e,cb43b95d,cbf96404,cc7d754c,cceff821,cde96bc9,cf191f0e,cf268fa8,cf5dc1da,cfc9d56e,d038325f,d0bd7ecc,d2d5e577,d4989f7d,d5bcbc26,d63940b8,d6906b29,d6b405f9,d7288b81,d8085750,d86a7700,d8e777f9,d9c38f53,db1b7d70,db62297e,db7a8d6d,db9774c3,dc17b5bc,dcbf6102,dcf17ec6,dd6c5292,dd7f08e7,de3b52f7,de9bd89c,e0423e62,e0908074,e0c5645e,e0c78b6c,e0ca66ac,e15d47d1,e2173c31,e219f1b5,e25eeacf,e309d5bd,e367412c,e39c86a4,e43428f2,e5cb1f3c,e5e59cbc,e61637cd,e63aad0a,e7900a8f,e83341fd,eaf831c5,eb99c8e9,ebdc3bfb,edbabd69,edbfb2f2,edc92960,ee81ca91,ee99a3d1,ee9f2724,ef5f16bc,eff60dcc,eff897fe,f03875f1,f0b4abe9,f1724a81,f1dd2b52,f24c6e61,f289557b,f2e49873,f3108988,f35856bb,f38253db,f3a85d07,f403d39a,f50d32a5,f5452116,f55c37ea,f61f615c,f6eac2a1,f6eb000e,f760230c,f763d79d,f7c3e010,f86914fe,f9085463,f9c8b327,f9f6e7a2,fa2ba3d1,faa1c6d6,fac4595b,fd5151c9,ff81d623
phi,3.525,3.575,2.375,3.975,1.675,2.7,1.275,1.825,1.125,2.45,2.5,1.85,3.95,3.625,2.725,3.225,1.0,3.575,4.075,3.05,1.0,2.425,1.575,2.65,1.275,2.675,2.925,1.8,2.5,2.6,2.4,2.025,3.75,1.525,1.65,3.25,2.525,3.0,1.05,3.85,3.5,3.925,3.025,3.625,1.6,3.9,1.0,3.575,1.925,3.975,3.4,2.175,1.75,3.2,1.475,1.125,4.0,2.375,1.45,1.05,3.8,3.975,3.9,1.95,1.575,1.0,3.2,3.375,2.075,3.55,1.175,3.075,1.875,3.8,3.45,4.0,2.175,2.5,1.225,2.9,1.175,3.525,3.875,2.8,2.025,1.275,2.825,1.375,4.0,3.9,1.0,3.075,2.775,1.125,1.475,1.1,1.0,3.425,3.1,1.15,2.175,2.1,1.0,4.0,1.675,3.975,1.0,2.825,2.7,3.725,1.8,3.6,4.0,1.0,3.05,2.075,3.375,3.475,3.6,1.9,2.175,1.8,3.875,3.175,2.075,1.6,1.65,1.55,3.625,2.85,3.9,3.2,4.025,2.8,2.675,3.15,4.0,3.375,2.175,3.15,3.8,2.175,1.2,2.725,2.475,2.425,3.125,2.725,3.375,2.95,1.975,3.125,4.0,2.375,2.825,3.775,4.2,1.175,1.975,2.475,1.625,3.45,4.0,1.175,1.275,3.625,2.175,3.45,2.0,2.0,2.15,3.25,3.225,1.0,1.05,1.1,3.975,1.3,3.1,1.325,1.275,3.45,3.45,3.4,3.85,3.45,3.85,3.55,3.925,3.725,2.125,1.0,1.075,1.0,2.425,1.55,3.625,2.8,2.875,1.325,2.425,3.825,3.925,1.0,3.769230769230769,2.1,3.925,3.95,4.0,3.625,2.175,3.675,3.025,3.4,1.0,4.0,1.875,3.575,1.2,2.6,2.875,3.875,2.55,1.6,2.625,3.175,3.425,3.675,1.9,3.4,1.6,2.525,2.925,1.0,1.15,2.9,1.95,4.025,3.325,3.95,3.7,2.525,2.85,2.8,4.0,3.025,3.725,1.5,1.8,1.875,1.75,3.25,2.675,2.175,3.775,1.0,2.475,2.0,1.275,3.825,2.875,2.275,3.7,1.65,2.15,1.375,3.95,1.0,2.775,2.875,2.45,1.675,3.7,3.65,2.575,3.2,4.025,3.3,1.775,1.925,2.275,1.5,1.625,1.375,2.05,2.525,2.825,3.225,3.375,3.45,1.0,3.6,4.0,3.725,2.85,3.925,3.425,2.525,2.95,3.475,2.9,2.8,3.525,3.275,3.425,1.425,2.025,3.875,1.45,2.0,3.9,2.225,2.725,3.825,2.175,3.3,3.95,3.65,4.025,1.9,2.125,3.95,1.075,2.1,1.55,2.5,2.225,3.725,3.85,2.15,3.15,1.225,2.55,2.125,4.0,3.425,2.7,2.975,3.775,1.025,1.0,2.175,1.025,1.725,1.575,2.375,1.925,1.025,3.1,3.95,1.0,2.925,1.625,3.625,1.825,2.625,3.75,3.95,1.0,2.8,2.25,3.875,3.7,1.1,1.8,2.875,3.325,2.225,2.15,3.25,1.9,3.975,2.075,3.0,1.9,1.575,1.875,1.65,2.025,1.375,3.225,3.7,3.9,1.35,2.6,4.0,3.35,2.225,1.65,2.825,2.425,2.825,1.275,1.0,1.025,3.3,1.925,4.0,3.8,2.025,1.85,2.175,1.925,3.625,3.2,3.128205128205128,3.525,2.65,1.175,1.05,2.9,3.7,1.4,3.025,1.325,4.0,3.25,2.25,2.275,1.05,3.675,4.0,3.775,3.5,3.225,2.15,2.575,2.15,2.7837837837837838,3.4,3.35,3.45,2.65,1.575,1.0,4.0,3.95,2.5,2.7,2.775,3.65,3.675,3.95,1.875,2.375,2.05,2.15,2.0,3.975,1.0,3.0,3.7,3.55,3.275,3.975,2.9,2.8,3.15,2.075,3.85,3.6,2.75,2.763157894736842,2.0,2.75,1.275,2.675,3.85,1.975,2.0,3.6,1.375,3.95,3.975,3.5,1.15,1.025,2.575,2.05,3.45,1.0,3.3,4.3,1.65,4.0,3.9,1.5384615384615385,3.725,3.375,2.2,1.525,2.425,2.125,4.125,3.75,1.75,1.025,3.8,2.775,2.0,3.975,1.025,4.0,3.375,4.0,2.525,2.875,2.1,3.225,3.825
phi_small,3.0,3.235294117647059,2.0,3.4411764705882355,3.875,3.076923076923077,1.125,3.1785714285714284,3.142857142857143,3.025,4.025,3.925,4.325,3.8461538461538463,3.0,3.6,1.75,3.4871794871794872,4.975,3.075,1.55,2.0,3.95,2.325,2.8,2.775,3.1,3.525,3.275,3.35,3.775,3.175,5.0,2.775,2.7,3.625,3.175,3.0,1.25,3.675,3.0,4.0,3.2432432432432434,3.175,3.275,3.225,2.0,3.027027027027027,3.15,3.212121212121212,3.0,1.725,2.775,3.75,1.15,1.9,3.942857142857143,3.727272727272727,3.7857142857142856,1.075,3.3513513513513513,3.0606060606060606,3.0,3.735294117647059,3.1,1.0,3.9,2.05,4.275,3.9,4.975,3.375,3.4411764705882355,3.475,4.325,4.068965517241379,3.2,4.05,3.15,3.6153846153846154,2.25,3.5161290322580645,3.0,3.275,3.0,2.75,2.5,3.2,3.642857142857143,4.875,3.9,4.0,3.85,2.225,2.45,1.0,3.9,3.275,4.0,2.825,3.9,3.15,1.0,4.1,3.4615384615384617,3.85,2.05,3.4,1.975,3.9,2.871794871794872,4.7,3.0,1.1,3.525,3.6216216216216215,3.0,3.9,3.85,3.9523809523809526,3.425,2.7,4.425,3.85,2.55,1.9,3.0,2.0,3.925,3.55,3.236842105263158,4.425,2.6842105263157894,2.0,3.0,3.675,3.5,3.1,2.5,3.0,4.475,2.35,3.5,3.1538461538461537,3.6,3.55,3.0,3.025,4.0,4.375,3.1025641025641026,3.8,4.0,2.9722222222222223,3.0,3.76,4.2,1.0,3.7,3.0,3.7419354838709675,3.6,4.0,1.275,1.475,3.0,2.125,3.3846153846153846,3.925,2.0,2.2,3.525,3.775,1.1,1.2,2.0,3.611111111111111,2.5,2.4166666666666665,3.9473684210526314,2.1,3.393939393939394,3.6842105263157894,3.5526315789473686,3.875,3.135135135135135,3.5555555555555554,3.025,3.933333333333333,4.025,3.25,1.525,2.6,2.2432432432432434,3.5641025641025643,2.95,3.95,3.95,2.210526315789474,4.475,3.925,3.9,4.0,1.0,3.925,3.9523809523809526,4.0,3.225,4.0,3.5526315789473686,2.55,3.0,2.081081081081081,3.0357142857142856,1.0,3.0,3.3684210526315788,3.5641025641025643,3.7241379310344827,3.625,3.025,2.923076923076923,2.5,2.55,3.325,3.3,2.6333333333333333,3.4242424242424243,2.65,3.1666666666666665,3.325,4.625,3.2083333333333335,1.0,4.0,3.375,2.4,4.75,2.95,3.810810810810811,3.475,2.025,3.8,3.225,3.7058823529411766,3.2857142857142856,3.0,3.5757575757575757,4.588235294117647,3.95,1.95,3.0,3.075,2.475,3.075,2.575,4.075,2.975,1.85,3.129032258064516,3.0,3.727272727272727,3.0,3.75,3.025,2.0,3.5,1.275,2.2,3.175,3.525,4.0,3.675,4.0,3.0,3.0,4.75,4.35,2.375,3.825,3.225,1.175,3.75,2.95,4.875,4.225,2.675,3.925,3.864864864864865,3.08,3.3846153846153846,3.5454545454545454,4.0,3.975,4.512820512820513,3.975,3.0,2.75,2.78125,4.275,2.675,3.7,2.95,3.6842105263157894,4.825,2.525,3.054054054054054,4.5,3.6206896551724137,2.925,3.65,3.95,4.6,2.8,3.3,3.725,4.0,3.675,3.0714285714285716,2.6578947368421053,2.1,3.125,1.025,3.125,3.2222222222222223,2.6,3.6785714285714284,,3.0526315789473686,2.45,3.0,3.0,3.45,2.65,4.2368421052631575,3.6,3.289473684210526,3.6,4.1,1.725,2.4,3.0,1.5,3.652173913043478,3.175,2.225,3.675675675675676,2.95,3.1052631578947367,3.175,2.95,3.05,1.775,2.05,1.175,3.5,3.0,5.0,1.175,3.8,2.1538461538461537,3.875,3.675,3.2,4.0,4.875,4.0,2.6,3.3783783783783785,3.064516129032258,3.625,3.0,3.275,2.4358974358974357,2.0,3.475,2.3,3.2413793103448274,3.2,1.525,3.0,3.9,3.7,3.175,2.575,4.175,3.375,2.7,4.625,3.225,3.8076923076923075,3.5555555555555554,3.2,3.761904761904762,1.1071428571428572,3.6,2.6153846153846154,4.925,4.125,3.925,3.35,3.35,2.45,4.7,2.85,3.075,4.525,4.525,2.0,3.775,3.875,4.0,2.75,3.388888888888889,4.0,3.4615384615384617,2.9,3.0256410256410255,3.526315789473684,3.6857142857142855,3.0,4.815789473684211,5.0,3.6774193548387095,3.0,4.037037037037037,3.0,4.0,3.025,3.2758620689655173,3.975,3.4193548387096775,2.475,1.9,2.425,4.15,3.9,3.0294117647058822,3.875,3.090909090909091,3.925,4.54054054054054,3.575,2.9,2.175,3.948717948717949,3.0434782608695654,2.25,3.5625,1.7,3.35,3.025,3.323529411764706,3.15,3.3142857142857145,3.0476190476190474,2.081081081081081,3.025,3.026315789473684,3.2222222222222223,4.0,2.95,3.58974358974359,3.051282051282051,4.0,3.0,3.175,3.189189189189189,1.7878787878787878,2.05,3.1,3.8,,3.269230769230769,4.0,2.2,1.45,3.425,3.275,3.45,3.4358974358974357,3.425,4.5,2.35,3.725,3.3076923076923075,3.5714285714285716,4.9,3.0,3.425,3.35,2.0,2.35,3.625,3.0,2.5,1.425,3.3076923076923075,3.85,2.025,3.1333333333333333,3.7142857142857144,4.0,3.0,,2.225,3.6176470588235294,2.8974358974358974,3.325,3.942857142857143
phi_medium,4.025,3.0,2.0,4.075,2.0,2.7435897435897436,1.0,1.95,1.9,2.189189189189189,3.025,2.0,3.9,3.4285714285714284,2.325,2.05,1.925,2.05,4.75,2.90625,1.725,2.0,2.0,1.175,2.0,2.324324324324324,1.9428571428571428,2.85,2.0,2.7096774193548385,3.975,2.0,4.135135135135135,2.0,2.76,2.3,2.175,2.3125,2.0,3.875,2.15,3.325,3.75,2.05,2.0,4.075,1.95,2.0,1.975,4.026315789473684,3.3,1.15,2.3076923076923075,2.5675675675675675,2.0,2.2285714285714286,2.325,2.0,1.9,1.625,2.125,3.054054054054054,4.333333333333333,2.075,2.0,1.55,2.0,2.7419354838709675,2.775,2.4,3.3,2.6,2.4324324324324325,2.7,4.175,3.942857142857143,2.0,2.225,2.15,2.3,2.0,2.0,3.25,2.775,2.1,2.5,4.2,2.1,3.9,3.6875,3.1794871794871793,2.2,3.7037037037037037,1.975,1.925,1.65,1.425,1.95,4.0,1.6,3.2,2.8421052631578947,1.75,4.425,2.0,3.975,1.475,3.0555555555555554,2.0,4.6,2.0,3.7,3.925,1.95,3.175,1.95,2.6315789473684212,1.075,3.75,1.55,1.925,2.0,3.923076923076923,3.0,2.0,2.0,2.05,1.85,3.125,2.4838709677419355,1.975,3.6666666666666665,2.55,2.0,2.35,3.0256410256410255,3.25,2.0,2.25,2.0,3.9714285714285715,2.0,1.975,2.15,1.875,2.0,2.575,2.6944444444444446,3.3,2.0,2.025,3.9,3.8,3.3684210526315788,2.128205128205128,2.35,3.15,1.775,2.1,2.05,2.0,2.275,4.0,1.925,1.6,2.65,1.9428571428571428,3.475,2.075,2.05,3.0,2.8,2.689655172413793,1.7,1.7435897435897436,1.95,4.243243243243243,2.0,2.0,2.1,2.0,2.55,2.425,2.2051282051282053,3.975,1.2,3.95,1.9473684210526316,3.736842105263158,2.025,2.0,1.2,1.975,1.6666666666666667,2.212121212121212,2.0,3.7333333333333334,3.775,2.0,4.675,2.0,3.65,3.9,1.9230769230769231,3.775,3.375,3.95,3.55,4.575757575757576,2.5,2.0,2.0,2.425,2.85,1.2,3.025,2.0,2.8529411764705883,1.7105263157894737,4.0,2.1,3.5,2.8205128205128207,1.525,2.8,4.025,2.026315789473684,2.5,2.05,3.4,2.111111111111111,2.5,2.923076923076923,1.375,2.0,1.675,2.230769230769231,4.0,3.3793103448275863,4.65,3.8421052631578947,2.05,3.05,1.95,3.3846153846153846,2.4583333333333335,3.675,2.55,3.0555555555555554,3.95,2.0,1.8108108108108107,2.025,2.0,3.325,1.85,3.1,1.825,1.75,2.7,3.3448275862068964,2.1,2.263157894736842,1.9,2.0,1.9487179487179487,3.75,1.125,2.8205128205128207,2.9473684210526314,3.076923076923077,3.325,2.85,2.575,2.125,2.0,4.3,4.825,1.975,2.8,2.5,1.725,1.25,2.0,4.368421052631579,2.8205128205128207,2.6,2.1,2.775,2.225,2.0606060606060606,1.95,3.175,3.3333333333333335,1.675,2.95,1.85,3.8,1.9487179487179487,3.425,2.725,2.275,2.575,3.675675675675676,3.85,2.4,2.3947368421052633,3.8,2.206896551724138,3.325,1.95,1.7,3.35,2.2,1.85,4.1,3.5675675675675675,3.725,4.033333333333333,2.0,2.0256410256410255,3.0,3.35,2.4864864864864864,1.85,2.125,1.925,3.7096774193548385,3.7,2.0,3.625,2.0,2.2,2.1,2.95,3.85,3.05,2.45,3.825,1.95,2.0,3.6,1.725,2.05,1.6,2.0,2.0,1.5,2.95,3.0,2.769230769230769,3.35,2.0,2.903225806451613,1.925,3.3684210526315788,3.825,4.282051282051282,1.0,3.736842105263158,2.0,3.4324324324324325,3.4473684210526314,1.35,2.05,4.75,3.95,2.0,2.0,2.4,2.0,4.333333333333333,2.175,2.0,2.0,2.0,2.125,2.225,2.108108108108108,2.025,2.0,3.4193548387096775,2.0,2.4615384615384617,2.575,3.65,3.125,2.2051282051282053,3.6315789473684212,3.135135135135135,2.45,2.2,1.9,1.205128205128205,1.575,3.375,2.0256410256410255,2.41025641025641,4.325,1.5,4.2,2.05,3.25,4.15,1.625,3.375,4.025,4.125,2.025,2.95,2.026315789473684,4.0,3.7,2.2,2.054054054054054,2.0,2.5,2.45,2.0,1.85,2.0,4.0,4.6,2.95,4.054054054054054,2.475,2.641025641025641,3.3,3.125,3.875,4.0,1.425,2.175,2.0,1.775,2.775,4.0,2.175,3.8,2.1,2.75,3.2,3.725,2.0,2.15,3.05,2.1794871794871793,1.7,2.6,2.0,2.725,2.975,1.8461538461538463,2.85,4.368421052631579,2.259259259259259,2.1025641025641026,2.2857142857142856,2.675,4.025,3.4358974358974357,3.025,3.388888888888889,2.1,3.125,2.225,2.4324324324324325,3.475,1.8,2.0,3.05,1.875,4.375,4.05,3.975,2.0,1.425,2.0,2.625,2.0,1.8,1.975,3.275,2.025,2.825,4.358974358974359,4.380952380952381,3.717948717948718,3.425,2.4615384615384617,2.65,2.0,2.0,4.0344827586206895,1.9,2.41025641025641,1.55,2.8,3.948717948717949,2.057142857142857,3.975,1.9487179487179487,3.675,3.9,4.051282051282051,2.0,2.3076923076923075,2.0,2.361111111111111,3.85
liberal,2.8,2.125,1.4,3.85,1.75,2.0,2.925,1.25,1.025,1.85,1.875,2.075,4.625,2.3,1.675,2.25,1.0,4.3,3.975,2.1,1.025,1.9,1.4,2.575,1.025,2.85,2.65,2.525,2.0,1.675,3.525,1.45,3.875,1.0,1.45,2.025,1.875,1.425,1.0,3.825,2.075,3.775,2.575,1.8,1.425,3.65,1.025,2.3,1.6,3.75,1.975,3.075,1.3,3.9,2.3,1.0,3.925,2.025,2.35,1.8,2.3,3.3,1.9210526315789473,2.525,2.525,1.0,2.775,3.225,1.925,3.225,4.95,2.325,1.65,3.55,4.275,4.075,1.975,2.15,1.725,3.225,1.025,3.025,2.230769230769231,2.725,1.75,1.025,2.2,1.65,3.975,4.5,1.5,2.0,1.525,1.0,1.8,1.0,1.625,2.75,3.3,1.0,1.7,1.275,1.0,4.0,1.475,3.85,1.8,4.125,1.675,2.75,1.0,3.425,3.45,1.0,2.026315789473684,1.275,1.975,1.9,3.0,3.05,2.4,2.0,3.725,5.0,1.075,1.3,1.0,1.0,4.075,2.925,1.625,2.3,2.65,1.125,1.95,3.025,2.525,3.4,1.8,2.1,4.95,1.4,1.95,3.1,1.1,1.025,3.05,2.05,3.25,1.3,1.8,3.15,4.2,1.625,1.875,1.35,4.2,1.225,1.9,2.05,1.125,2.675,4.0,1.1,1.0,2.7,2.0,3.2,1.075,1.225,1.1,1.25,2.25,1.0,1.025,1.0,4.0,1.775,1.7,1.025,1.775,2.725,2.425,4.1,2.825,3.0,3.775,5.0,2.625,2.5641025641025643,1.575,3.0,1.225,1.0,2.975,1.425,2.1,2.325,1.75,1.8,1.525,3.225,4.025,1.05,4.875,1.075,3.65,2.948717948717949,3.9,3.1,1.875,1.7,4.225,2.15,1.0,3.025,1.0,1.525,1.0,1.6,2.0,3.0,2.925,1.325,2.325,4.3,3.175,2.05,1.025,2.575,1.6,4.75,1.825,1.0,1.0,1.9,1.1,4.0,2.0,3.825,3.05,1.95,1.95,1.275,3.425,1.075,3.7,1.075,1.3,4.2,1.15,1.4102564102564104,1.875,2.0,3.125,1.075,3.475,1.95,1.4,1.525,1.8,1.875,2.95,1.1,1.875,1.075,4.2,1.0,2.75,2.25,2.0,2.675,2.65,4.0,1.4,1.9,4.3,4.85,1.8,2.575,1.025,1.725,2.8,1.1,1.2,3.75,2.75,2.15,4.55,2.15,1.025,1.9230769230769231,3.025,4.0,4.525,3.175,1.975,2.05,2.2,4.125,2.2,1.325,2.275,2.45,2.4,1.525,1.45,4.0,1.3,2.15,2.0,3.9,1.45,3.7,1.475,3.9,2.7,3.475,4.15,1.3,1.225,1.975,1.975,1.4,1.2,2.0,1.275,2.525,2.975,2.275,1.575,1.475,5.0,2.0,3.85,1.6,1.975,2.075,3.875,1.05,1.55,2.075,1.025,1.85,4.65,1.85,2.025,1.025,2.025,3.6,1.7,2.375,1.8,2.825,1.25,2.075,2.175,3.975,1.05,2.9,1.85,4.025,3.1,1.0,1.55,3.025,2.75,1.575,1.2564102564102564,1.875,1.0,3.236842105263158,1.175,1.925,1.775,1.15,1.425,1.75,1.625,1.0,2.125,2.75,2.45,1.3,1.675,4.7,2.9,1.6,1.025,1.65,2.025,2.275,1.15,2.675,1.0,3.575,1.825,4.45,4.125,2.3,3.35,1.85,1.45,3.375,2.025,1.6,4.075,4.1,1.3,2.4,2.3,2.1,2.7,1.35,1.6,3.375,2.775,1.975,1.375,1.0,3.55,4.125,3.7,3.65,1.7,2.775,4.175,2.325,1.55,1.75,1.975,3.25,1.65,1.275,1.0,4.025,4.0,1.95,1.4,2.325,2.525,2.5,3.875,1.725,1.875,1.375,1.65,2.0,2.825,1.0,2.15,3.65,1.5,1.85,3.95,1.8,2.2564102564102564,3.8,1.9,4.5,3.8,2.05,1.6216216216216217,1.975,1.925,1.675,2.475,3.825,1.075,1.725,3.025,2.55,2.638888888888889,3.775,3.9,1.325,1.425,2.95,1.125,2.1,1.1,2.075,3.675,1.0,4.025,3.875,1.0,4.275,2.65,1.9,1.475,1.525,1.9,4.657894736842105,2.7,1.55,1.0,2.025,2.375,1.95,3.45,1.025,4.025,2.75,4.0,1.225,1.6,2.0,2.025,3.5
conservative,2.825,3.6,1.975,2.75,2.05,2.425,1.15,1.3,1.0,2.15,2.4,1.225,4.025,2.65,2.25,1.875,1.0,3.65,2.6,3.2,1.025,1.425,1.05,1.65,1.575,3.275,1.0,2.075,1.95,2.975,1.825,3.125,3.825,1.05,1.925,1.975,1.35,1.8,1.0,3.15,2.7,3.9,2.4,3.725,1.05,3.225,1.0,3.85,3.175,4.175,3.0,1.575,1.375,2.325,1.025,1.075,3.95,1.1,1.025,1.175,3.825,3.05,3.375,1.0,3.15,1.05,3.925,2.75,1.325,4.0,1.475,2.875,1.675,3.575,4.05,4.2,2.0,2.625,1.525,4.4,1.025,3.975,3.3076923076923075,4.0,3.1,1.075,2.4,1.375,4.0,1.8,1.0,3.175,1.3,1.1,3.725,1.0,1.625,3.75,3.3,1.0,1.9,1.625,1.0,4.0,1.15,4.05,4.1,3.8,2.25,3.35,1.6,3.45,3.95,1.0,1.9,1.275,2.95,1.225,3.175,2.725,1.0,1.525,4.225,3.1,1.875,1.65,1.425,1.375,2.925,3.325,3.175,3.375,3.925,2.6,2.275,3.15,3.925,4.0,1.8,1.7,4.775,2.325,1.2,3.975,1.375,1.65,3.9,2.725,3.275,1.225,3.275,2.725,4.275,2.45,3.15,1.675,3.7,1.05,1.85,2.1794871794871793,1.0,3.175,4.0,1.025,1.075,3.05,3.5,3.275,3.525,2.85,1.175,3.525,3.1,1.175,1.125,1.025,4.0,1.175,2.7,1.3,1.7,3.95,3.15,3.175,2.8,3.425,4.0,4.35,3.1,3.8,1.85,1.0,1.075,1.0,1.75,1.525,3.45,2.7,1.45,2.125,1.675,4.0,3.8,1.0,4.15,1.575,2.85,2.375,3.975,3.4,1.675,3.25,1.775,3.525,1.0,3.925,1.4,3.025,1.0,2.975,2.425,3.75,1.6,1.0,3.825,4.15,2.4,2.75,1.025,3.85,2.0,1.2,2.0,1.425,1.0,2.65,2.175,4.0,2.425,4.025,3.975,1.675,3.125,1.825,4.0,2.425,3.575,1.275,2.3,2.975,1.6,2.206896551724138,1.825,2.325,3.925,1.0,2.325,1.475,1.025,1.65,3.4,2.025,3.475,1.025,2.05,1.0,4.025,1.0,2.775,3.8,2.6,1.4,2.025,4.025,2.2,3.45,4.1,1.625,1.15,1.7,2.275,1.8,2.1,1.075,1.875,3.875,2.65,1.75,1.7,2.225,1.0,3.45,3.875,4.0,2.95,3.575,3.4358974358974357,2.9,3.15,2.875,2.925,1.2,3.75,2.65,3.95,1.0,1.425,3.9,2.675,1.825,2.975,1.375,2.325,4.0,1.0,3.025,3.6,3.8,4.125,1.075,1.925,3.3,1.75,1.775,1.425,2.075,1.35,3.8,2.8,1.85,2.65,1.0,4.0,2.225,3.95,3.2,2.15,2.725,4.0,1.325,1.1,2.825,1.375,1.925,2.875,1.375,1.075,1.025,3.775,3.925,1.4,1.175,2.375,2.85,1.125,4.0,3.15,4.0,1.125,1.975,2.025,3.9,3.75,1.325,2.4,3.55,3.45,1.85,1.925,3.025,2.05,3.6923076923076925,1.375,2.675,1.525,1.05,2.875,1.0,2.275,1.35,2.58974358974359,3.7,3.825,1.025,2.35,4.2,3.35,2.825,1.075,2.125,2.0,2.875,1.175,1.6,1.0,3.6,1.5,4.15,4.1,1.0,1.2564102564102564,1.975,1.4,4.6,3.6,3.05,2.825,1.775,1.3,1.3,3.85,3.55,3.175,3.05,1.8,4.0,3.875,1.75,1.65,1.4,3.7,4.0,4.0,4.925,2.875,2.125,3.05,3.175,3.275,3.425,4.425,4.825,2.15,1.0,1.075,4.0,4.0,1.65,1.4,3.075,1.55,3.375,4.0,1.725,1.475,1.475,2.775,3.3,3.65,1.0,2.5,3.975,1.075,2.15,3.85,2.625,2.275,2.725,1.925,3.65,4.0,2.0,2.95,2.125,2.35,1.975,3.15,4.0,1.525,1.35,3.225,1.1,3.375,3.9,2.4,1.7,1.15,3.675,1.625,3.075,1.075,2.7,4.95,1.075,4.0,3.875,2.75,3.975,3.875,2.225,1.55,2.1,2.05,3.725,3.05,1.65,1.0,3.0,1.425,1.95,3.25,1.0,4.0,3.425,3.85,1.65,1.625,2.0,3.15,3.225
ministral3,1.6,1.5945945945945945,1.475,1.55,2.25,2.1,1.3333333333333333,1.55,1.0,1.75,1.75,2.125,3.45,2.210526315789474,1.5,1.9,1.0,1.2,4.325,2.45,1.0,2.05,1.911764705882353,1.875,1.15,1.9,1.75,1.5666666666666667,1.825,1.75,2.282051282051282,1.4864864864864864,1.9,1.2105263157894737,1.05,1.65,1.975,2.1052631578947367,1.0,1.95,2.1,2.128205128205128,2.027027027027027,3.3421052631578947,2.076923076923077,1.525,1.225,1.775,1.65,2.3055555555555554,2.125,2.4324324324324325,1.175,1.5,1.0769230769230769,2.6,1.15,1.175,3.125,1.0,1.9,1.6,2.1,1.25,1.5,1.0,2.108108108108108,1.975,1.875,3.575,2.125,2.3333333333333335,1.1794871794871795,1.875,5.0,2.076923076923077,1.925,2.6153846153846154,1.4054054054054055,2.3684210526315788,1.3846153846153846,1.975,2.925,2.75,1.875,1.55,1.65,2.075,1.8,2.948717948717949,1.15,2.375,2.1842105263157894,1.175,1.9,1.3333333333333333,2.1025641025641026,2.05,2.9,1.0,2.282051282051282,1.65,1.025,2.0,1.275,2.075,1.1578947368421053,1.525,1.6,1.8,1.5384615384615385,4.3076923076923075,1.8974358974358974,1.125,3.25,1.15,2.25,1.3,2.2,1.075,1.59375,1.6,2.25,4.475,1.4102564102564104,1.3157894736842106,2.1,1.8,1.75,1.3,1.95,1.5,3.0,1.625,1.925,2.225,1.9,2.641025641025641,2.0256410256410255,2.25,2.025,1.875,1.3333333333333333,1.875,2.1052631578947367,1.15,1.525,2.2051282051282053,1.775,1.025,1.9736842105263157,2.8974358974358974,1.975,1.825,1.564102564102564,1.3,2.026315789473684,1.4,2.0,1.675,1.45,2.75,4.05,1.05,1.1282051282051282,1.325,1.525,2.55,1.8717948717948718,2.0,2.1794871794871793,2.9,1.925,1.263157894736842,1.1,1.025,2.4,1.0,1.8,1.4871794871794872,1.95,2.675,2.525,1.975,3.1794871794871793,1.75,2.525,2.825,2.225,1.375,1.875,1.7894736842105263,1.975,1.05,1.7,1.7,2.975,2.15,1.225,1.5,2.675,2.8,1.7,1.0,1.5,1.8717948717948718,1.325,2.375,2.15,2.41025641025641,2.025,1.65,1.65,1.875,1.225,2.45,1.45,2.4,1.05,2.0,1.825,2.4722222222222223,2.275,2.1,1.0,2.7435897435897436,1.1794871794871795,2.3,1.6578947368421053,2.375,1.46875,3.55,1.75,1.025,1.05,2.025,1.05,3.6,1.8,1.775,2.575,1.7692307692307692,2.025,1.525,2.075,1.6,1.975,1.425,1.55,2.58974358974359,1.375,1.054054054054054,2.2,1.625,1.9,1.0,2.1,1.775,1.05,1.9,1.275,1.7435897435897436,1.625,1.894736842105263,1.575,1.025,2.7435897435897436,1.0,1.05,2.076923076923077,2.05,3.75,1.7,2.225,1.225,1.7,2.15,1.9189189189189189,1.525,2.4,1.8,1.025,2.2,1.725,3.081081081081081,1.8285714285714285,2.175,1.8918918918918919,1.275,1.65,1.15,3.05,3.15,2.575,1.475,2.3,1.794871794871795,2.5526315789473686,2.075,1.95,1.7894736842105263,2.0,2.825,1.625,2.625,4.0,1.525,2.025,2.2,1.75,1.85,1.075,2.425,1.4615384615384615,1.625,1.275,1.525,2.1,3.975,1.631578947368421,1.025,1.775,1.4,1.3333333333333333,1.0512820512820513,2.0,1.0,1.125,2.125,2.125,1.05,1.2,1.3,2.4210526315789473,2.7,1.875,2.025,2.0256410256410255,2.076923076923077,1.05,1.425,1.325,1.05,1.275,1.2564102564102564,1.9736842105263157,1.15,1.0,1.641025641025641,3.275,1.7692307692307692,2.1578947368421053,1.4054054054054055,2.45,1.4,3.1666666666666665,1.95,3.6842105263157894,1.2,2.0,2.025,2.5,2.4210526315789473,1.025,1.075,2.225,3.075,1.95,1.875,2.05,1.9,4.2,1.9615384615384615,2.0,1.075,1.075,1.5,1.75,2.0,1.75,1.275,4.0,1.5,1.225,2.057142857142857,1.6,2.275,1.6428571428571428,1.525,1.7435897435897436,2.175,2.575,1.5897435897435896,1.025,1.125,2.4,1.8055555555555556,2.875,2.41025641025641,3.2162162162162162,2.4,2.125,3.923076923076923,2.111111111111111,1.55,2.275,3.1,3.45,1.45,1.3157894736842106,2.473684210526316,3.325,1.9,1.8,1.8,1.775,1.875,1.4,1.75,1.2,1.1,2.95,3.025,2.193548387096774,1.3076923076923077,1.6,2.45,2.9743589743589745,3.7,2.675,4.051282051282051,1.525,2.15,1.25,1.15,1.95,2.0,1.7,3.15,2.0,1.525,3.263157894736842,3.128205128205128,1.775,1.4,1.175,1.925,2.1,1.675,1.15,2.0555555555555554,2.5,2.1025641025641026,1.1,2.075,1.55,1.3,1.425,2.35,2.1,2.25,2.526315789473684,1.6923076923076923,1.45,2.088235294117647,1.775,1.95,3.325,1.05,1.075,2.135135135135135,1.55,2.125,1.85,2.1,1.925,1.2,1.8108108108108107,2.2,1.7894736842105263,1.05,2.025,4.45,1.15,2.375,3.175,1.3076923076923077,3.425,1.875,1.794871794871795,2.25,2.05,1.4,2.65,1.5384615384615385,1.5,1.375,2.625,2.925,1.75,2.175,1.85,2.4871794871794872,2.033333333333333,1.6666666666666667,1.4,1.525,1.0,1.641025641025641,3.45
ministral8,1.95,1.325,1.05,1.1,2.075,2.0,1.5,1.975,1.0,1.175,1.525,2.55,3.35,3.525,1.725,2.25,1.325,2.5,3.8,2.0,1.5,1.375,1.95,1.275,1.025,2.15,2.625,1.45,2.0,1.5,3.425,1.975,3.5,1.825,1.0,2.075,1.6,1.875,1.575,3.05,1.65,2.575,2.1,2.1,1.675,1.975,1.35,1.675,1.5,2.05,2.025,1.475,2.0,1.9,1.45,2.575,1.0,1.325,1.125,1.0,1.875,1.975,1.375,1.9,1.375,1.15,1.3,2.225,2.375,2.65,1.55,1.85,1.45,1.65,4.75,3.8,1.95,1.0,4.0,2.425,1.0,1.0,2.475,2.0,1.225,1.625,1.125,2.0,1.2,2.0,1.3,3.925,3.7,1.45,1.125,1.0,1.225,1.0,3.9,1.025,2.575,1.525,1.2,1.975,1.675,2.05,2.35,1.95,1.725,4.0,1.075,4.775,3.4,1.0,2.0,1.775,1.7,1.0,3.4,1.025,1.25,1.925,1.925,4.6,1.9,1.0,2.0,1.675,2.0,1.825,2.175,1.675,3.4,1.0,1.325,2.1,1.775,2.375,2.0,2.025,1.375,2.0,1.525,2.7,1.025,1.275,1.625,2.025,3.825,1.95,1.95,2.15,2.075,1.15,1.575,1.825,2.9,1.175,2.75,2.076923076923077,1.875,1.975,4.0,1.475,1.3,1.85,1.875,2.1,2.0,1.95,3.0,2.225,3.275,1.175,1.025,1.0,2.375,1.0,1.95,2.5,1.85,2.4,1.9,2.85,3.0,1.1,2.55,2.25,1.85,1.4,2.05,1.0,1.9,1.6,1.025,2.0,2.1,2.625,1.0,3.975,1.8,2.425,2.25,1.15,2.1,2.7,3.05,2.05,2.125,2.275,1.9,1.0,3.1794871794871793,1.425,1.0,3.05,2.1,2.25,1.0,2.525,1.9,2.1,2.05,1.5,1.425,1.825,1.025,1.525,1.3,2.9,1.075,3.85,2.3,1.0,1.3,1.375,1.6,1.95,1.725,2.25,2.35,2.0,2.7,2.025,2.4,2.0,3.55,1.075,1.5,3.15,1.05,1.0,1.55,1.9,1.9,1.15,2.125,1.1,1.125,1.475,1.575,2.05,1.05,1.75,2.0,1.05,2.225,1.0,1.175,2.45,2.0,3.525,2.125,2.075,1.275,1.5,3.25,4.6,1.425,3.45,2.0,1.0,1.35,1.0,2.85,1.7,1.9,2.275,3.8,1.675,1.575,3.775,2.325,3.875,1.4,1.475,1.825,2.0,1.8,2.575,1.7,1.125,2.1,1.2,3.95,2.075,1.925,2.025,1.95,1.85,1.9,2.2,2.9,1.25,1.575,2.425,1.45,1.975,2.1,1.0,1.2,1.8,1.325,1.775,1.175,2.0,1.575,2.0,3.375,1.875,1.75,1.975,1.225,1.325,2.7,1.65,2.1,1.55,3.15,1.0,1.9,1.7,1.0,1.35,1.0,2.0,1.075,1.075,1.65,2.225,1.925,2.15,2.55,1.575,1.4,2.55,2.35,3.8,1.2,1.825,1.925,3.075,3.925,1.0,2.475,1.85,2.0,2.0,2.0,1.425,1.975,2.4,2.0,2.0,2.0,2.375,1.075,1.4,2.2,1.125,1.1,2.95,2.4,3.025,2.0,1.625,2.35,1.975,2.575,1.875,2.85,4.55,1.175,1.0,1.0,2.025,1.95,2.95,3.45,2.95,2.075,2.25,4.825,2.05,1.925,1.95,3.8,2.25,1.3,1.05,1.55,3.8,1.925,1.05,1.55,2.025,1.85,2.0,1.025,2.375,1.45,3.5,2.875,2.5,2.325,1.825,1.525,2.3,1.475,2.3,3.475,1.575,1.875,1.025,1.0,2.45,2.0,2.075,2.4,1.65,2.85,2.6,2.1,1.95,1.225,2.1,1.975,1.7,1.525,1.0,2.575,2.025,1.4,1.675,2.0,1.675,1.05,1.475,1.95,3.275,2.075,2.0,3.425,1.6,2.85,1.425,2.15,3.575,1.2,1.0,2.05,1.3,2.65,1.95,2.925,1.2,1.0,1.15,2.525,1.625,1.0,1.425,2.85,1.1,1.775,2.175,1.525,4.35,2.45,1.9,2.0,2.0,2.0,1.8,1.2,1.775,1.425,3.3,2.05,2.0,2.075,1.775,3.475,2.55,1.925,1.775,1.05,1.0,2.1,3.0
ministral14,3.0,1.05,1.0,2.525,2.625,2.4,1.05,1.7,1.025,1.45,1.75,1.375,3.65,4.125,1.85,1.6,1.0,1.95,4.8,2.2,1.025,1.825,1.325,1.0,1.0,1.9,2.275,1.35,2.025,1.5,3.825,2.3,2.675,1.05,1.0,3.325,1.5,3.025,1.2,3.725,2.1,2.675,2.1,2.575,1.175,2.975,1.2,1.425,1.85,2.15,2.4,1.025,1.8,2.0,1.0,2.025,2.1,1.175,2.075,1.375,1.275,2.625,3.3,1.2,1.3,1.05,1.1,2.3,2.7,2.35,1.55,2.125,1.05,2.28125,4.925,3.236842105263158,2.375,1.0,1.725,4.275,1.075,1.25,1.5135135135135136,2.825,1.5,2.125,3.5,1.925,2.05,3.3,1.925,4.475,3.45,1.05,1.025,1.0,1.15,1.05,4.0,1.0,4.025,1.475,1.275,3.85,1.325,2.95,1.625,1.925,1.45,4.65,1.0,4.975,4.7,1.3,1.975,1.475,2.8,1.2,3.15,1.15,1.25,1.7,2.1,3.725,1.525,1.025,1.875,1.55,1.95,1.1794871794871795,1.675,1.825,3.15,1.0,1.575,2.65,3.125,2.6,2.025,2.45,1.525,2.275,1.5,1.425,1.025,1.025,1.225,2.175,4.95,1.25,1.075,2.65,3.05,1.375,2.4,3.45,3.575,1.075,2.1,1.75,1.825,1.975,4.0,1.55,1.0,2.55,1.85,2.425,1.875,1.0,2.05,2.5,2.15,1.025,1.05,1.05,2.6666666666666665,1.0,2.875,3.0,1.25,2.825,2.775,2.075,3.2,2.625,3.3,1.825,3.6,1.325,2.35,1.0,1.5,1.25,1.325,1.8,2.0,3.1,1.1,1.55,1.65,2.65,3.9,1.1,1.6,2.7,4.075,2.525,1.875,1.75,2.125,1.15,3.6,1.7027027027027026,1.0,2.725,1.475,3.125,1.025,3.25,1.4,2.275,1.7,1.0,1.375,3.275,1.0,1.95,1.8,4.225,1.275,3.3,1.725,1.0,1.0,1.25,1.7,2.5,2.3,4.225,3.375,1.025,1.3,1.1,3.15,1.4871794871794872,2.75,1.5,1.6923076923076923,4.5,1.05,,2.725,1.675,3.175,1.525,2.675,1.45,1.05,1.925,1.2,1.675,1.4,1.325,2.4,1.025,3.3,1.0,1.125,3.05,2.15,4.4,2.925,2.2,1.5,1.5,4.1,1.425,1.625,1.95,1.725,1.0,1.0,1.2,3.475,1.15,2.525,2.4871794871794872,2.9,1.8,1.05,4.35,2.275,3.725,1.275,1.45,1.075,3.1,2.025,4.025,1.225,1.725,2.1,1.475,4.075,2.4,1.325,3.325,1.775,2.15,1.575,1.425,1.95,1.225,1.225,2.3,3.95,2.375,3.0,1.025,1.025,3.25,3.3,1.75,1.275,1.475,1.225,2.025,4.5,1.6,1.5384615384615385,1.475,1.025,1.975,3.55,2.85,3.375,1.9,2.8,1.6,2.025,2.1,1.0,1.375,1.0,2.025,1.0,1.0,1.675,1.575,1.925,1.975,1.75,1.2,1.0,2.8,3.3783783783783785,3.975,1.0,2.975,1.45,4.05,3.75,1.0,1.625,2.425,2.15,1.975,2.15,1.625,2.05,4.6,2.025,2.175,1.175,1.525,1.7,1.3,3.3,1.55,1.15,4.1,1.8,3.4,2.125,4.8,3.6,2.0,4.075,2.25,1.725,3.2,1.45,1.125,1.1,2.825,2.05,2.175,4.9,1.825,2.125,2.4,4.5,3.05,1.1,2.3,2.15,3.125,2.225,1.05,2.025,3.55,1.85,1.275,2.425,3.225,1.65,1.675,1.125,1.95,1.475,2.05,4.025,2.675,2.1,1.25,1.675,2.6,1.2,4.125,4.25,1.425,1.4,1.0,1.0,2.4,1.7272727272727273,1.9,1.45,2.275,3.125,2.35,2.25,1.0,1.025,2.025,2.45,1.65,2.6,1.0,2.1,2.65,1.375,1.9,2.0606060606060606,1.075,1.25,1.3,1.875,4.0,2.85,2.5,3.0256410256410255,1.2,3.625,2.1,2.95,4.025,1.1,1.0,1.75,1.4,3.85,2.210526315789474,2.2,1.3,1.375,1.2,2.125,1.925,1.0,1.0,2.8,1.025,3.125,3.0,1.575,3.65,2.8461538461538463,2.4,2.45,1.975,1.65,1.8571428571428572,1.325,1.125,1.025,4.125,2.95,1.875,3.6,1.2,4.15,3.8,1.78125,1.675,1.075,1.0,1.6,3.85
mixtral,4.0,2.0434782608695654,1.9166666666666667,3.12,2.909090909090909,1.9473684210526316,1.025,1.542857142857143,2.0,2.1739130434782608,3.096774193548387,2.0,3.475,4.379310344827586,2.1315789473684212,1.975,1.8333333333333333,2.4347826086956523,4.0,1.975,1.1111111111111112,2.0,2.6666666666666665,2.075,2.0588235294117645,2.25,1.7179487179487178,3.358974358974359,2.0,2.0,4.0,1.75,4.166666666666667,1.9743589743589745,1.1,2.5,2.8125,1.9743589743589745,1.6666666666666667,3.871794871794872,2.1666666666666665,4.0,3.6315789473684212,1.4594594594594594,1.72,2.0,1.4,1.2307692307692308,1.75,3.2432432432432434,3.84,4.333333333333333,1.394736842105263,,1.3548387096774193,2.051282051282051,1.9565217391304348,1.8636363636363635,2.033333333333333,1.9333333333333333,1.9714285714285715,2.25,2.1666666666666665,1.945945945945946,2.0,1.075,2.1,3.7142857142857144,2.9722222222222223,2.6538461538461537,3.4871794871794872,2.125,3.032258064516129,2.0952380952380953,4.133333333333334,3.88,1.9142857142857144,3.9655172413793105,3.6,3.5,1.4722222222222223,1.5833333333333333,2.914285714285714,2.1481481481481484,2.0,2.5,3.0,3.411764705882353,3.0,2.076923076923077,2.347826086956522,3.5588235294117645,3.85,3.4473684210526314,1.9705882352941178,1.0,1.275,1.864864864864865,4.0,1.1282051282051282,3.6296296296296298,2.3870967741935485,1.6,3.9743589743589745,2.4,3.0,1.775,2.2857142857142856,2.0,4.733333333333333,1.1428571428571428,3.625,3.72,1.605263157894737,1.9615384615384615,2.0,3.76,2.2222222222222223,2.108108108108108,2.411764705882353,2.8,1.5757575757575757,3.4,4.375,1.864864864864865,1.4,3.6923076923076925,1.1,2.5641025641025643,3.6,2.4594594594594597,2.88,1.0,2.129032258064516,1.4545454545454546,1.9166666666666667,2.6818181818181817,1.6666666666666667,1.9565217391304348,3.8947368421052633,3.411764705882353,2.0,1.3461538461538463,2.3181818181818183,2.129032258064516,2.0,2.4,2.9642857142857144,3.8518518518518516,2.7241379310344827,1.7894736842105263,2.129032258064516,3.85,2.0,2.193548387096774,4.052631578947368,2.6666666666666665,1.3,2.3,1.5172413793103448,2.0,2.2962962962962963,4.0,1.9705882352941178,1.5405405405405406,2.1794871794871793,1.975,3.5,2.0,2.081081081081081,3.375,2.925,2.1,1.15,1.5357142857142858,1.275,2.5,1.5128205128205128,1.9411764705882353,1.7619047619047619,2.1052631578947367,3.7083333333333335,1.8181818181818181,3.6333333333333333,2.7142857142857144,3.347826086956522,4.0625,3.3333333333333335,2.642857142857143,2.054054054054054,2.58974358974359,3.025,1.0,1.71875,1.631578947368421,2.0,4.0,4.0,2.1052631578947367,3.9,1.868421052631579,3.15,3.4210526315789473,1.9655172413793103,3.75,4.0,3.3333333333333335,2.054054054054054,4.2727272727272725,2.411764705882353,1.9,2.6666666666666665,3.076923076923077,2.3333333333333335,1.0,3.8823529411764706,3.967741935483871,4.368421052631579,2.0256410256410255,3.6875,1.5,4.666666666666667,2.026315789473684,2.1470588235294117,2.6666666666666665,4.0,1.7741935483870968,2.4285714285714284,1.8888888888888888,4.0,1.65,3.1578947368421053,2.1470588235294117,1.1935483870967742,3.0,1.3421052631578947,1.903225806451613,3.5,2.0,5.0,3.8,1.911764705882353,2.0476190476190474,1.9523809523809523,4.0,2.7,2.3333333333333335,2.0,2.037037037037037,4.125,1.25,3.0,3.3043478260869565,2.033333333333333,2.875,1.025,3.135135135135135,1.9411764705882353,2.210526315789474,3.9166666666666665,1.75,1.8,1.95,2.3333333333333335,2.0,1.565217391304348,3.625,1.9333333333333333,2.0,3.9,2.0,2.0,3.5135135135135136,3.8,2.2,2.0,4.166666666666667,1.6,2.0,2.5357142857142856,2.057142857142857,1.1578947368421053,3.9047619047619047,2.4358974358974357,4.1,3.074074074074074,3.6842105263157894,3.4166666666666665,3.1666666666666665,1.75,1.6,1.2,3.8205128205128207,3.1176470588235294,1.425,2.3157894736842106,2.9411764705882355,2.75,1.5,3.45,2.9473684210526314,2.0,3.2,2.0,3.923076923076923,2.875,2.5555555555555554,1.95,,2.6052631578947367,1.4864864864864864,2.111111111111111,3.2580645161290325,2.642857142857143,1.8333333333333333,2.3421052631578947,3.5714285714285716,2.0952380952380953,3.3448275862068964,1.2564102564102564,1.275,3.4054054054054053,3.8666666666666667,1.9,1.875,1.8,1.7222222222222223,1.7857142857142858,2.2,2.1,3.1538461538461537,1.9487179487179487,1.7297297297297298,2.0,3.8181818181818183,3.8205128205128207,3.142857142857143,3.4324324324324325,3.6153846153846154,2.0,2.0555555555555554,1.65,1.263157894736842,1.8275862068965518,1.6153846153846154,2.0,2.0,1.95,1.6666666666666667,2.7333333333333334,2.3548387096774195,2.925,1.7419354838709677,2.7058823529411766,1.025,2.3076923076923075,3.5833333333333335,4.0,1.1538461538461537,1.9545454545454546,2.027027027027027,4.636363636363637,4.0,2.1666666666666665,2.0,2.0,2.0526315789473686,3.55,2.269230769230769,1.9310344827586208,1.8571428571428572,4.333333333333333,2.05,2.0,1.65,1.95,1.4594594594594594,1.425,3.7,1.8461538461538463,1.2758620689655173,3.975,2.5142857142857142,3.861111111111111,2.358974358974359,3.909090909090909,3.325,2.0526315789473686,3.5,2.925,2.2,2.5555555555555554,1.606060606060606,1.1785714285714286,1.15625,2.8205128205128207,1.7666666666666666,3.55,4.2,1.5757575757575757,3.325,3.7333333333333334,4.863636363636363,3.4444444444444446,3.0,2.1875,4.0,4.153846153846154,1.275,1.6111111111111112,1.394736842105263,4.0,3.625,2.0,1.2352941176470589,3.84,2.142857142857143,2.0,1.7619047619047619,2.0526315789473686,2.1818181818181817,4.0,4.0,2.8461538461538463,3.75,2.5714285714285716,2.0,3.9,2.2083333333333335,1.2142857142857142,4.0,,1.9714285714285715,1.7272727272727273,1.5625,2.375,3.5384615384615383,2.054054054054054,2.0,2.357142857142857,3.625,2.0588235294117645,,1.3333333333333333,1.864864864864865,1.8888888888888888,2.7083333333333335,1.5,2.8125,1.7,2.054054054054054,3.5,2.16,3.8974358974358974,2.2222222222222223,2.0,2.2,2.825,2.857142857142857,3.5757575757575757,3.789473684210526,2.789473684210526,2.6,1.7142857142857142,2.1025641025641026,3.2,2.085714285714286,2.4827586206896552,1.65,1.6923076923076923,2.5405405405405403,3.111111111111111,4.090909090909091,2.8,2.4,1.25,2.0,1.925,2.3157894736842106,2.1176470588235294,4.0,2.1,3.875,2.025,3.8,1.3333333333333333,4.17948717948718,4.0,3.6666666666666665,1.975,2.1538461538461537,1.975,2.0,3.7333333333333334,1.5555555555555556,2.0,1.8,4.0,3.6,2.4615384615384617,,2.075,3.888888888888889,2.0,3.764705882352941,2.0,3.0,1.2,3.075,3.7058823529411766
qwen,1.975,1.7,1.65,1.85,1.2,2.125,1.0,1.0,1.0,1.7,1.975,1.2,4.225,2.075,1.425,2.625,1.0,1.1,3.95,2.075,1.0,1.95,1.525,1.2,1.025,1.15,1.725,1.0,1.8,1.35,1.6,1.925,1.025,1.0,1.1,1.45,1.975,2.475,1.0,2.075,2.0,3.75,2.0,1.975,1.4,2.0,1.0,1.825,1.125,2.3,1.8,1.15,1.725,2.2,1.0,1.0,1.0,1.875,1.6,1.0,1.75,2.1,1.875,1.9,1.0,1.0,1.225,2.325,1.775,1.025,1.631578947368421,1.575,1.65,1.35,4.825,1.45,1.5,1.175,1.95,1.05,1.0,1.15,2.575,2.0,1.85,1.0,1.15,1.575,1.7,3.525,1.125,1.85,1.5,1.0,1.05,1.05,1.475,1.0,3.85,1.0,1.75,1.8,1.0,2.375,1.3,2.45,1.025,2.35,1.5,2.45,1.9,3.58974358974359,3.125,1.0,1.6,1.0,2.075,1.0,2.275,1.05,1.0,1.0,1.825,2.85,1.475,1.0,1.475,1.125,1.725,1.55,2.15,1.1,1.7,1.0,1.725,2.025,1.825,1.725,1.875,2.175,1.85,1.575,1.525,1.7,2.05,1.0,1.7,2.35,1.75,1.0,1.625,2.025,2.0,1.725,1.975,1.475,1.65,1.0,1.925,1.025,1.15,2.025,3.1,1.0,1.125,1.4,1.0,2.325,1.0,1.0,1.775,1.0,2.2,1.0,1.0,1.0,2.45,1.025,2.05,1.1,1.725,1.1,1.6,1.8,2.625,1.95,2.825,1.65,2.9,1.225,1.7,1.675,2.05,1.0,1.075,1.0,2.75,3.4,1.025,2.1,1.675,2.05,1.45,1.0,2.4,1.775,1.375,1.925,1.2,1.9,1.7,1.75,1.4,1.975,1.0,3.175,1.375,2.025,1.0,2.25,1.85,2.075,2.0,1.0,1.0,1.4,1.0,2.0,1.0,1.85,1.0,2.325,1.5,1.0,1.0,1.075,1.2,3.45,2.0,1.875,2.875,1.025,1.025,1.875,1.125,2.275,2.25,1.175,1.0,4.125,1.3,2.5,1.375,1.4,3.0,1.0,2.5,1.025,1.0,1.7,2.025,1.4,1.4,1.975,2.05,1.0,2.425,1.0,2.2,1.35,2.0,1.7435897435897436,1.825,2.0,1.6,1.025,2.175,1.025,2.05,2.325,1.425,1.0,1.525,1.35,1.625,1.85,1.25,1.45,1.0,1.35,1.35,1.225,1.4,3.875,1.05,1.45,1.65,1.55,1.7,1.05,1.225,1.95,2.275,1.325,1.975,1.725,1.55,1.925,1.1,1.65,1.425,1.0,1.025,1.175,1.05,1.0,1.525,1.05,3.225,1.0,1.125,1.225,1.275,1.525,1.45,1.15,1.0,1.7,1.975,1.8,1.55,1.175,1.375,1.225,1.875,2.0,1.95,1.7,1.95,1.0,1.0,1.925,1.0,1.125,1.0,1.8,1.0,1.0,1.825,2.025,1.025,1.15,1.1,2.0,1.0,2.675,2.225,2.375,1.0,1.175,2.0,2.175,2.5,1.0,1.0,3.4,2.05,1.475,1.8,1.75,1.0,3.1,1.5,1.625,1.85,1.725,1.875,1.025,1.675,1.225,1.6,3.7,1.7,1.0,1.2,1.35,2.25,1.675,1.0,2.0,1.0,1.575,1.0,1.225,1.175,2.1,1.0,2.475,2.275,1.0,3.175,1.725,2.8,2.875,1.0,1.375,2.0,2.775,1.125,1.2,1.025,2.0,1.75,1.3,1.025,1.175,1.2,1.725,1.0,1.0,1.0,1.85,3.15,1.275,2.0,1.0,1.0,1.875,1.4,1.65,2.475,1.05,1.95,1.0,1.0,1.75,3.0,2.3,1.7,1.9,2.0,1.125,1.975,1.0,1.9,1.475,1.925,1.025,2.1,1.125,2.175,2.025,1.35,1.9,2.0,1.3,1.05,1.025,1.125,1.925,3.6,2.05,1.125,1.425,1.925,1.05,2.625,3.1,1.025,1.0,2.125,1.0,2.925,2.9,2.35,1.075,1.0,1.25,1.1,1.575,1.0,1.0,2.275,1.0,1.275,1.65,1.125,2.35,2.225,2.0,1.6,1.775,1.1,3.525,1.825,1.4,1.0,2.775,2.025,1.95,1.525,1.0,3.925,2.775,2.3,1.0,1.45,1.05,2.15,2.0789473684210527
qwen_big,3.5,1.0,1.35,2.35,2.85,2.15,1.025,1.0,1.0,1.375,3.230769230769231,1.725,4.475,5.0,1.2162162162162162,1.925,1.0,1.25,4.4,2.2,1.1,1.0,1.125,1.075,1.0,1.4871794871794872,2.225,2.775,1.925,1.75,4.425,1.875,5.0,1.125,1.025,2.1,1.675,3.075,1.0,3.8,1.55,4.075,2.0,4.275,1.025,2.225,1.0,1.0,1.0,2.625,1.725,1.2,1.9743589743589745,2.6,1.0,1.4,2.375,1.1538461538461537,2.35,1.0,1.0,4.85,3.575,1.275,1.85,1.025,1.825,5.0,2.076923076923077,2.15,1.0,2.5384615384615383,2.025,3.15,5.0,2.064516129032258,1.925,1.05,2.15,3.8205128205128207,1.0,1.525,1.25,1.7,1.825,1.075,1.8205128205128205,1.975,3.5675675675675675,1.8,1.4,2.425,2.6,1.475,1.0,1.025,1.025,1.025,4.0,1.0,3.1025641025641026,1.675,1.0,4.0,1.65,3.3,1.0,2.225,1.0,4.875,1.025,4.625,4.8,1.0,1.475,1.025,2.4,1.1,2.525,1.0,1.0,1.15,4.6,3.475,1.4,1.2,2.0,1.075,1.575,2.925,1.825,1.35,2.225,1.0,1.475,1.65,2.575,1.0,1.7,4.3,4.026315789473684,1.925,1.0,1.875,1.35,1.025,3.5526315789473686,2.45,4.35,1.3846153846153846,1.425,2.775,2.55,1.6923076923076923,1.125,1.525,4.15,1.0,1.8,1.275,1.675,2.95,4.95,1.0,1.0,2.871794871794872,1.275,3.425,1.525,1.0,1.825,2.3,4.225,1.025,1.0,1.0,3.41025641025641,1.0,5.0,1.1,2.825,1.15,1.525,1.2564102564102564,2.475,1.2,3.275,4.625,4.35,1.075,1.875,1.3,2.9,1.0,1.225,1.525,3.675,4.475,1.125,4.975,1.25,3.5,4.153846153846154,1.0,3.918918918918919,4.125,4.975,2.1538461538461537,4.325,1.4,1.0,1.4,2.55,1.564102564102564,1.0,3.55,1.675,4.25,1.1,2.9,1.525,2.95,1.25,2.675,1.4,4.051282051282051,1.0,1.131578947368421,1.125,4.35,1.0,2.948717948717949,1.8,1.0,1.0,1.0,1.35,2.210526315789474,2.45,5.0,4.2,1.025,1.435897435897436,4.333333333333333,4.8,1.225,4.9,1.125,2.8461538461538463,4.625,1.0,3.1,1.875,1.15,3.1,1.0,4.45,1.025,1.1,1.4,1.5897435897435896,1.6666666666666667,1.0,2.0256410256410255,1.85,1.0,2.7,1.0,4.775,4.05,2.15,3.425,4.95,1.875,2.1,1.0,4.461538461538462,4.775,1.75,1.7105263157894737,2.0,1.1,1.175,1.275,5.0,1.725,3.35,1.6944444444444444,1.725,2.675,1.9,3.0,3.7,3.775,1.6,2.125,1.0,1.975,1.1794871794871795,4.717948717948718,1.0,1.575,1.625,1.0,4.25,1.9,1.55,2.125,1.625,2.175,1.275,1.0,1.55,1.2857142857142858,1.175,1.4615384615384615,2.58974358974359,2.5,4.425,1.0277777777777777,1.0,2.871794871794872,2.4,1.375,1.075,1.85,1.3333333333333333,1.775,4.45,1.125,3.3846153846153846,1.425,1.275,1.236842105263158,3.2564102564102564,4.9,1.85,1.4,4.0,1.0,1.05,1.35,1.0,1.125,1.0,1.9,1.75,1.0,2.775,2.0,2.175,2.075,1.0,1.975,1.0,3.025,2.825,4.675,1.025,1.625,1.525,5.0,4.325,1.0,2.175,4.9,3.7,2.1794871794871793,1.5,1.225,1.025,3.975,2.0,2.375,1.0,1.05,1.425,1.5,3.525,1.85,1.0,4.975,3.675,2.375,1.325,4.375,4.825,1.375,3.625,2.925,2.8,2.7,1.225,1.0,1.025,4.025,1.925,4.410256410256411,4.85,2.85,3.55,1.65,4.675,2.425,1.4102564102564104,1.825,3.325,4.65,1.0,1.0,1.35,2.3783783783783785,1.85,1.6923076923076923,2.075,4.641025641025641,1.358974358974359,1.325,1.6842105263157894,3.675,1.0,4.25,4.45,1.9210526315789473,1.825,3.5,1.225,2.948717948717949,1.7692307692307692,1.925,5.0,1.435897435897436,1.275,1.1,1.0,2.725,3.6,1.5897435897435896,2.5,1.925,2.7567567567567566,3.775,2.1842105263157894,1.0,1.8205128205128205,2.925,3.25,1.0,2.7435897435897436,1.0,4.075,2.3076923076923075,1.125,2.0,1.95,1.0,1.375,1.95,2.75,2.55,3.525,2.05,4.15,1.45,1.975,3.6,1.975,3.85,1.05,1.0,2.225,2.051282051282051,4.225,2.1025641025641026,4.0,3.325,1.275,1.55,1.6578947368421053,2.2564102564102564,1.1538461538461537,1.7894736842105263,5.0,1.0,1.375,4.975,1.6153846153846154,2.948717948717949,3.525,1.85,2.2,2.0,1.925,3.8,1.35,1.275,1.175,4.45,2.35,1.6,3.025,1.575,4.925,4.375,2.075,1.475,1.6666666666666667,1.0,3.4473684210526314,2.8947368421052633
qwen_very_big,1.4324324324324325,1.0285714285714285,1.225,4.025,1.925,2.1052631578947367,1.0,1.0,1.0,1.763157894736842,4.225,1.0,4.15,4.65,1.775,2.175,1.0,1.0,4.275,2.325,1.0,1.55,1.1,1.0,1.972972972972973,1.825,1.8461538461538463,1.425,1.725,1.825,4.65,1.7,4.725,1.0,1.0,2.75,1.6756756756756757,3.8461538461538463,1.0,2.6,3.375,2.85,1.975,3.725,1.65,2.5641025641025643,1.0,1.0,1.025,3.2,2.8157894736842106,3.1578947368421053,2.0,3.3333333333333335,1.0,1.0,1.3142857142857143,1.0,2.225,1.05,1.1538461538461537,4.4,3.236842105263158,1.275,2.175,1.0,2.175,4.875,1.7179487179487178,1.135135135135135,1.0555555555555556,1.15,1.875,2.6,5.0,2.5135135135135136,1.9210526315789473,3.125,2.5128205128205128,4.7,1.0,1.9,1.05,2.25,1.075,1.15,3.35,1.975,2.2058823529411766,1.25,2.15,3.641025641025641,3.5641025641025643,1.725,1.075,1.0,1.1,1.175,4.108108108108108,1.0,2.6923076923076925,1.15,1.0,2.15,1.5,3.6842105263157894,1.025,2.75,1.0810810810810811,4.8,1.0810810810810811,4.594594594594595,2.6923076923076925,1.0,1.0,1.2,3.5,1.0,2.275,1.3333333333333333,2.8,1.325,3.25,4.25,1.7,1.0,2.0,1.45,2.425,3.35,2.0,1.1,1.0,1.025,1.1,3.3055555555555554,3.5675675675675675,1.0,2.0,3.871794871794872,4.1891891891891895,2.0,1.75,2.65,1.0,1.05,1.725,3.725,2.717948717948718,1.1,1.1025641025641026,4.0,3.1052631578947367,2.8055555555555554,1.025,4.230769230769231,3.75,1.0,2.0,1.2432432432432432,1.5897435897435896,3.425,4.125,1.0,1.0,2.5405405405405403,1.05,2.7714285714285714,1.0810810810810811,1.075,3.8285714285714287,3.825,3.9,1.525,1.0,1.0,4.333333333333333,1.0263157894736843,2.075,1.0,2.076923076923077,2.15,1.1,3.6486486486486487,1.975,2.45,2.1842105263157894,2.575,4.525,2.225,2.0,1.55,3.325,1.05,1.025,1.4,1.95,3.325,1.7096774193548387,3.5128205128205128,1.625,1.95,4.25,1.0,2.5757575757575757,4.7,4.666666666666667,3.4210526315789473,1.425,2.0,1.3846153846153846,1.95,2.282051282051282,2.5588235294117645,1.0,3.9743589743589745,1.6578947368421053,3.8157894736842106,1.205128205128205,3.275,1.95,3.0277777777777777,1.0,1.0,4.45,2.7777777777777777,1.2,1.025,1.25,4.7,1.05,2.6315789473684212,1.394736842105263,1.0,1.0,1.1,1.4444444444444444,1.0,3.55,4.975,2.2580645161290325,1.0,1.625,2.6666666666666665,3.9473684210526314,2.27027027027027,4.125,1.7,4.128205128205129,4.743589743589744,1.0,3.1025641025641026,3.525,1.325,3.769230769230769,1.0,4.775,1.625,1.0,2.9743589743589745,1.525,1.105263157894737,1.625,1.675,2.05,1.075,2.125,1.0,2.6666666666666665,4.175,1.9230769230769231,2.35,4.725,2.075,1.475,1.275,3.5128205128205128,3.8421052631578947,1.525,2.641025641025641,1.65,1.0,1.0256410256410255,2.1714285714285713,4.55,1.275,4.025,3.5135135135135136,2.25,2.8125,2.1,3.225,1.25,3.775,1.0,1.9,1.0,1.575,1.0,4.65,1.025,1.5,1.2820512820512822,1.435897435897436,2.575,3.375,2.1052631578947367,3.5,1.8,1.8235294117647058,1.075,1.05,2.763157894736842,1.625,1.1,1.9230769230769231,2.7777777777777777,3.4,4.825,1.0,1.0,1.641025641025641,4.35,1.725,1.05,1.4,1.0,1.875,2.8947368421052633,1.65,3.8378378378378377,1.0,1.575,2.2972972972972974,3.1315789473684212,3.8055555555555554,4.075,4.461538461538462,4.256410256410256,1.0,1.675,1.6923076923076923,1.0,1.0,1.1025641025641026,2.0,1.7105263157894737,1.0,2.3947368421052633,1.9743589743589745,2.1538461538461537,2.0,1.325,1.375,1.0,2.0,3.3846153846153846,4.7,1.025,3.0256410256410255,1.325,4.25,3.975,1.0,1.725,5.0,3.2,1.6153846153846154,1.775,1.15,1.2,4.333333333333333,2.05,3.425,1.0,1.0,2.8205128205128207,1.0769230769230769,4.0,1.15,1.027027027027027,4.05,1.775,2.4358974358974357,1.9230769230769231,2.1052631578947367,4.275,2.875,4.3,3.0,2.85,2.5945945945945947,1.0,1.0256410256410255,1.0,4.054054054054054,1.05,4.125,4.375,1.4,3.1,2.41025641025641,4.947368421052632,3.0256410256410255,3.6,1.35,3.175,3.0,1.075,1.2105263157894737,1.425,2.35,1.025,2.625,1.325,4.538461538461538,1.794871794871795,1.641025641025641,1.0256410256410255,2.0,1.025,2.7837837837837838,4.1,4.162162162162162,3.4473684210526314,2.5641025641025643,1.0,2.0526315789473686,1.564102564102564,3.7567567567567566,4.55,1.0769230769230769,1.1,1.0,1.025,3.9210526315789473,3.054054054054054,1.875,3.75,2.35,4.075,2.3783783783783785,4.256410256410256,1.0,1.0769230769230769,1.9,3.575,1.0,2.025,1.0,3.025,2.6153846153846154,1.0,2.3,2.025,1.075,1.393939393939394,1.95,3.675,2.475,2.1,3.025,2.6,1.1666666666666667,1.925,3.525,1.525,3.358974358974359,1.0,1.0,3.9743589743589745,1.25,3.923076923076923,3.96875,4.175,4.102564102564102,1.325,1.225,1.641025641025641,2.891891891891892,3.875,1.0,4.1,1.0,1.7435897435897436,4.2,3.4871794871794872,2.769230769230769,4.05,1.4864864864864864,2.325,1.8,1.1,3.128205128205128,1.35,1.325,1.1,3.6153846153846154,1.972972972972973,2.1794871794871793,4.615384615384615,1.55,4.0,3.4,1.911764705882353,1.675,2.8378378378378377,1.0,2.0526315789473686,3.806451612903226
llama3,2.923076923076923,2.775,1.8461538461538463,3.25,1.85,2.15,1.9,1.55,1.641025641025641,1.975,3.3421052631578947,2.05,2.825,3.0256410256410255,2.1578947368421053,1.75,1.7894736842105263,1.9743589743589745,3.41025641025641,1.8,1.4102564102564104,1.925,2.075,2.325,2.0256410256410255,2.05,2.325,1.8974358974358974,1.9487179487179487,1.95,3.4,1.875,4.25,1.825,1.6,2.575,2.575,2.41025641025641,1.4615384615384615,2.263157894736842,2.1794871794871793,3.6666666666666665,2.0,2.475,1.794871794871795,2.051282051282051,1.6153846153846154,2.675,2.3333333333333335,2.7,2.3947368421052633,1.9714285714285715,1.95,3.2564102564102564,1.875,1.925,2.45,1.65,2.0789473684210527,1.625,2.5,2.0,3.1,1.5,1.825,1.5,2.2,2.85,1.7435897435897436,2.1315789473684212,1.875,2.7435897435897436,1.6666666666666667,2.075,3.076923076923077,2.8684210526315788,1.7,1.55,1.8157894736842106,2.075,1.736842105263158,1.8,2.769230769230769,2.6666666666666665,2.3846153846153846,2.225,2.475,2.175,2.25,4.375,1.4736842105263157,2.475,2.1538461538461537,1.825,1.8108108108108107,1.525,1.9736842105263157,1.794871794871795,2.8421052631578947,1.4871794871794872,3.3157894736842106,2.41025641025641,1.4871794871794872,3.2,1.825,2.5,1.825,2.128205128205128,2.0,3.0,1.8974358974358974,4.0,3.5128205128205128,1.5897435897435896,3.1538461538461537,1.575,3.051282051282051,1.5526315789473684,1.725,1.525,1.641025641025641,2.1025641025641026,2.8461538461538463,2.948717948717949,1.8,1.9473684210526316,1.925,1.875,2.5135135135135136,2.289473684210526,2.4358974358974357,1.9230769230769231,2.0,1.8205128205128205,2.2,2.5789473684210527,2.5,2.5,2.0256410256410255,3.5128205128205128,2.85,2.0,1.5789473684210527,2.625,1.868421052631579,1.2105263157894737,2.325,3.076923076923077,2.8205128205128207,1.7,2.0,2.282051282051282,2.9,2.2051282051282053,2.923076923076923,3.025,2.425,1.425,2.210526315789474,2.282051282051282,1.85,2.525,3.717948717948718,2.051282051282051,1.6153846153846154,2.0,1.975,3.026315789473684,1.868421052631579,1.925,2.3,2.41025641025641,2.3,1.3529411764705883,1.45,1.525,3.4871794871794872,1.9210526315789473,2.41025641025641,2.0,1.9473684210526316,2.4358974358974357,2.6,1.9743589743589745,2.769230769230769,1.6216216216216217,3.5,3.05,2.55,1.4871794871794872,1.925,2.275,1.6923076923076923,1.605263157894737,1.875,1.9487179487179487,2.075,2.25,1.8461538461538463,1.8974358974358974,2.3157894736842106,2.7435897435897436,2.4,1.7,2.5,2.128205128205128,2.8205128205128207,2.358974358974359,3.3,2.8,2.076923076923077,2.175,3.1,1.8,1.1538461538461537,2.15,2.1,2.282051282051282,1.6,2.175,1.8717948717948718,2.230769230769231,2.717948717948718,1.775,2.15,3.7,1.9230769230769231,2.25,2.025,2.975,2.324324324324324,2.948717948717949,2.871794871794872,1.3076923076923077,1.868421052631579,2.1025641025641026,2.2,3.975,2.275,2.575,3.375,2.2432432432432434,1.8,1.794871794871795,3.475,2.05,2.7435897435897436,2.026315789473684,2.55,3.948717948717949,1.8,2.55,2.128205128205128,1.95,2.45,1.5789473684210527,2.27027027027027,1.95,2.0,2.1052631578947367,1.9487179487179487,1.564102564102564,2.0,2.075,1.8205128205128205,1.6666666666666667,3.526315789473684,1.6153846153846154,2.425,2.6,2.3333333333333335,1.8,3.358974358974359,1.85,2.3,1.7435897435897436,3.4358974358974357,2.125,1.7105263157894737,2.225,2.2564102564102564,1.763157894736842,2.125,1.7179487179487178,2.5526315789473686,2.3846153846153846,2.025,1.8717948717948718,3.225,2.4871794871794872,1.75,2.125,3.125,4.162162162162162,1.435897435897436,2.225,1.725,1.9,1.6153846153846154,3.0,2.0,1.5897435897435896,2.1025641025641026,2.1315789473684212,3.75,2.4358974358974357,1.75,3.025,1.775,2.3846153846153846,1.8205128205128205,1.7567567567567568,2.15,1.825,1.45,2.25,2.1025641025641026,2.575,3.4358974358974357,1.55,1.85,3.076923076923077,3.41025641025641,2.282051282051282,1.625,1.95,1.85,2.175,3.125,1.9736842105263157,1.8,1.8,1.794871794871795,1.7,3.3947368421052633,2.55,1.8461538461538463,1.9473684210526316,2.65,1.1842105263157894,1.65,1.775,1.435897435897436,1.65,1.7179487179487178,1.75,1.725,1.3,1.8,2.8974358974358974,2.6216216216216215,2.425,2.4358974358974357,2.075,1.4324324324324325,2.45,2.972972972972973,4.1,1.3,1.794871794871795,2.051282051282051,2.9,2.9,1.375,1.4102564102564104,2.5,3.25,2.289473684210526,2.1,2.41025641025641,1.837837837837838,3.575,1.675,2.3846153846153846,1.625,2.225,2.875,1.5128205128205128,2.6,1.775,1.631578947368421,3.0256410256410255,1.925,1.65,2.125,2.2564102564102564,2.8157894736842106,1.7837837837837838,1.875,2.65,1.85,2.3,1.875,1.2894736842105263,1.5384615384615385,2.0,1.6,2.7,2.825,2.076923076923077,3.1025641025641026,2.6666666666666665,2.225,2.75,2.025,1.975,2.575,2.825,1.7692307692307692,2.3,1.675,2.8461538461538463,2.0256410256410255,1.736842105263158,2.15,2.2,3.2051282051282053,1.85,1.6,1.1538461538461537,2.2,3.775,2.948717948717949,2.5384615384615383,2.575,1.7179487179487178,2.3947368421052633,2.5128205128205128,2.0256410256410255,2.8,3.3,1.8,1.8974358974358974,1.8055555555555556,1.3888888888888888,2.375,3.1578947368421053,2.45,2.8,1.9210526315789473,3.325,2.282051282051282,2.7435897435897436,1.875,2.0256410256410255,1.8974358974358974,2.125,1.8,2.0,1.8461538461538463,2.5384615384615383,2.75,1.9230769230769231,1.875,2.825,1.9,1.95,2.7435897435897436,1.825,3.282051282051282,3.35,2.1944444444444446,2.725,1.8717948717948718,2.8157894736842106,1.975,1.925,2.9,1.7894736842105263,1.8421052631578947,2.775,1.7435897435897436,2.8,2.7948717948717947,2.230769230769231,2.025,1.7105263157894737,2.289473684210526,2.1794871794871793,2.057142857142857,1.4871794871794872,2.1315789473684212,3.775,1.8717948717948718,2.675,2.775,1.925,3.975,3.026315789473684,2.475,2.55,1.95,1.8055555555555556,2.871794871794872,1.975,2.9722222222222223,1.564102564102564,3.55,3.3333333333333335,1.9,3.225,1.8157894736842106,3.3684210526315788,2.775,3.4,2.025,2.675,1.5128205128205128,1.7894736842105263,2.5526315789473686
llama4,3.6315789473684212,2.75,1.967741935483871,4.633333333333334,4.1891891891891895,3.9473684210526314,1.05,2.5142857142857142,1.0810810810810811,2.55,4.3428571428571425,2.085714285714286,4.484848484848484,4.217391304347826,2.12,2.176470588235294,1.59375,1.4482758620689655,4.708333333333333,3.5833333333333335,1.411764705882353,1.8666666666666667,1.9642857142857142,1.1785714285714286,2.342857142857143,2.1363636363636362,1.9090909090909092,3.138888888888889,2.0,3.5384615384615383,4.592592592592593,4.666666666666667,4.757575757575758,2.142857142857143,1.0277777777777777,2.739130434782609,3.4,3.210526315789474,1.0625,4.21875,2.5142857142857142,4.0,3.9310344827586206,3.53125,2.5,3.259259259259259,1.0303030303030303,1.6363636363636365,1.52,2.96,3.1,1.36,2.3225806451612905,,1.075,2.3333333333333335,3.814814814814815,1.2941176470588236,1.6176470588235294,2.8333333333333335,1.7857142857142858,3.8461538461538463,3.375,1.8055555555555556,3.090909090909091,1.0571428571428572,4.277777777777778,4.0588235294117645,4.111111111111111,1.4444444444444444,3.2857142857142856,1.95,3.8157894736842106,2.413793103448276,5.0,4.423076923076923,3.473684210526316,3.68,4.447368421052632,4.451612903225806,1.08,1.8,2.0833333333333335,4.096774193548387,3.806451612903226,4.076923076923077,4.84375,2.730769230769231,4.032258064516129,4.972222222222222,2.9210526315789473,4.34375,4.483870967741935,3.4324324324324325,1.1333333333333333,1.4102564102564104,1.1428571428571428,1.1,4.361111111111111,1.3793103448275863,3.3714285714285714,3.1785714285714284,1.837837837837838,4.966666666666667,1.7714285714285714,4.25,4.5,3.6923076923076925,2.6,3.769230769230769,1.7142857142857142,4.25,4.666666666666667,1.4482758620689655,2.0303030303030303,1.5384615384615385,2.740740740740741,1.0857142857142856,3.84,3.34375,1.5,2.65625,2.5,3.7586206896551726,2.2222222222222223,1.0,3.064516129032258,1.3333333333333333,3.8285714285714287,1.837837837837838,2.888888888888889,4.1,2.40625,1.71875,1.8620689655172413,3.4705882352941178,4.444444444444445,1.0,2.24,3.65,4.142857142857143,3.111111111111111,1.7941176470588236,2.9375,2.566666666666667,1.6153846153846154,2.111111111111111,3.4827586206896552,4.064516129032258,3.28,1.7857142857142858,3.59375,2.5,4.517241379310345,2.966666666666667,4.6875,3.8125,1.08,3.923076923076923,1.5,1.8055555555555556,3.689655172413793,5.0,1.9230769230769231,1.25,3.5357142857142856,2.0,4.0,2.1666666666666665,1.1,2.5714285714285716,4.888888888888889,4.0,1.0,1.103448275862069,1.608695652173913,3.9285714285714284,3.125,4.16,4.545454545454546,1.84375,3.257142857142857,2.71875,3.2222222222222223,4.393939393939394,2.135135135135135,3.727272727272727,3.933333333333333,3.4827586206896552,3.423076923076923,2.5833333333333335,1.75,3.5833333333333335,2.2916666666666665,2.0,1.896551724137931,3.1923076923076925,4.393939393939394,2.9375,4.433333333333334,1.8666666666666667,4.0476190476190474,4.555555555555555,2.074074074074074,2.0,4.891891891891892,4.676470588235294,3.193548387096774,4.157894736842105,2.324324324324324,2.7,4.078947368421052,2.8378378378378377,2.5,1.945945945945946,2.5641025641025643,3.212121212121212,4.973684210526316,1.1578947368421053,3.32,2.6666666666666665,4.111111111111111,2.838709677419355,1.5405405405405406,4.424242424242424,2.710526315789474,1.3666666666666667,2.857142857142857,1.5294117647058822,4.580645161290323,1.7692307692307692,3.84375,3.0,1.2258064516129032,1.9411764705882353,1.793103448275862,2.25,3.0454545454545454,3.27027027027027,5.0,4.071428571428571,1.972972972972973,2.0434782608695654,2.6666666666666665,4.527777777777778,3.388888888888889,4.5,1.2,2.972972972972973,4.647058823529412,1.435897435897436,3.074074074074074,4.833333333333333,2.076923076923077,3.4838709677419355,2.3,4.483870967741935,1.3461538461538463,1.2424242424242424,4.2,2.3125,2.08,3.5757575757575757,1.5263157894736843,3.2142857142857144,1.8214285714285714,4.115384615384615,1.0285714285714285,2.5714285714285716,3.789473684210526,3.36,4.6,4.033333333333333,2.735294117647059,2.787878787878788,1.4166666666666667,4.923076923076923,4.571428571428571,1.3513513513513513,2.3529411764705883,2.88,3.5714285714285716,1.40625,3.466666666666667,1.4482758620689655,3.0294117647058822,4.181818181818182,2.3157894736842106,3.4375,3.3214285714285716,1.564102564102564,4.071428571428571,3.5,3.7419354838709675,2.6285714285714286,3.7586206896551726,1.48,2.6857142857142855,1.4761904761904763,4.382352941176471,1.9375,2.641025641025641,4.366666666666666,3.5,3.5142857142857142,3.2222222222222223,2.6666666666666665,3.7941176470588234,1.5675675675675675,3.5294117647058822,2.5,2.8,4.206896551724138,2.526315789473684,4.378378378378378,3.1333333333333333,2.2413793103448274,3.6785714285714284,4.702702702702703,1.0526315789473684,1.6666666666666667,3.6666666666666665,4.029411764705882,3.4545454545454546,3.1578947368421053,1.9615384615384615,2.3043478260869565,3.235294117647059,3.2,1.4482758620689655,2.5405405405405403,1.75,2.3714285714285714,4.130434782608695,3.3666666666666667,4.55,2.966666666666667,3.88,4.172413793103448,2.1538461538461537,2.0344827586206895,2.823529411764706,1.0833333333333333,1.7692307692307692,1.3333333333333333,2.0,2.4615384615384617,1.9696969696969697,2.4285714285714284,3.6486486486486487,1.8695652173913044,3.1739130434782608,1.3666666666666667,3.0416666666666665,1.2727272727272727,3.1785714285714284,3.739130434782609,4.756756756756757,3.175,2.71875,2.28,4.571428571428571,3.942857142857143,1.0,3.125,4.086956521739131,4.291666666666667,3.8095238095238093,2.0,1.6666666666666667,2.1153846153846154,4.394736842105263,2.0,3.0,1.625,1.868421052631579,4.064516129032258,2.3214285714285716,3.53125,3.142857142857143,1.5517241379310345,4.8108108108108105,2.9,4.0,2.588235294117647,3.9545454545454546,4.333333333333333,3.6333333333333333,4.162162162162162,3.8,2.2142857142857144,3.875,2.857142857142857,1.7142857142857142,1.605263157894737,4.038461538461538,1.1891891891891893,2.4516129032258065,4.25,1.5862068965517242,2.3333333333333335,4.1,4.85,4.027027027027027,4.0,3.533333333333333,3.25,3.2162162162162162,2.3823529411764706,2.4210526315789473,2.566666666666667,3.84,1.7619047619047619,4.0,1.8285714285714285,4.741935483870968,3.4838709677419355,1.9142857142857144,2.263157894736842,2.0606060606060606,1.5526315789473684,4.266666666666667,4.1891891891891895,4.75,2.5142857142857142,2.4473684210526314,3.25,2.7666666666666666,2.2142857142857144,4.71875,4.925,2.2666666666666666,1.8518518518518519,1.0810810810810811,2.0294117647058822,4.305555555555555,3.0625,2.8846153846153846,2.9615384615384617,2.107142857142857,4.242424242424242,1.6,3.9642857142857144,1.2285714285714286,4.161290322580645,3.0789473684210527,2.4857142857142858,2.057142857142857,1.6896551724137931,1.3888888888888888,4.0,3.88,2.0689655172413794,2.9393939393939394,3.2758620689655173,2.324324324324324,1.2857142857142858,2.8333333333333335,2.8076923076923075,4.470588235294118,3.909090909090909,3.5789473684210527,3.888888888888889,1.3076923076923077,3.3636363636363638,3.121212121212121,3.8285714285714287,4.242424242424242,1.763157894736842,1.9428571428571428,3.5,3.1739130434782608,3.8214285714285716,2.4,4.055555555555555,2.096774193548387,2.09375,2.066666666666667,2.96,2.238095238095238,3.242424242424242,1.1724137931034482,4.407407407407407,2.1944444444444446,4.757575757575758,4.05,1.3333333333333333,3.142857142857143,4.025,2.0,3.6206896551724137,3.4,2.0606060606060606,4.742857142857143,2.1,1.56,1.2941176470588236,4.151515151515151,2.7,2.4615384615384617,4.125,1.5625,4.086956521739131,3.9393939393939394,4.2592592592592595,2.2,4.470588235294118,1.9655172413793103,4.057142857142857,3.903225806451613
gpt-oss,2.0,1.775,1.236842105263158,1.027027027027027,1.25,3.026315789473684,1.0512820512820513,1.03125,1.1081081081081081,1.121212121212121,2.5,1.1794871794871795,1.4857142857142858,2.871794871794872,1.5277777777777777,2.3055555555555554,1.0526315789473684,1.945945945945946,3.864864864864865,1.6944444444444444,1.0256410256410255,1.6486486486486487,1.375,1.0,1.0769230769230769,2.6578947368421053,1.7428571428571429,1.0,2.0,1.1944444444444444,1.7567567567567568,1.5135135135135136,3.5945945945945947,1.236842105263158,1.075,2.27027027027027,1.7142857142857142,1.7297297297297298,1.0256410256410255,1.7179487179487178,1.4864864864864864,3.1315789473684212,1.4827586206896552,1.7297297297297298,1.0277777777777777,1.8611111111111112,1.1428571428571428,1.2702702702702702,1.1538461538461537,2.0833333333333335,1.78125,1.15625,1.25,1.696969696969697,1.0,1.631578947368421,1.236842105263158,1.8333333333333333,1.736842105263158,1.46875,1.05,2.0588235294117645,1.763157894736842,2.0,1.3513513513513513,1.0,1.7333333333333334,1.3333333333333333,2.5625,2.8055555555555554,1.4705882352941178,2.9166666666666665,1.1578947368421053,1.2962962962962963,4.205128205128205,2.0,1.1,1.925,1.5483870967741935,1.2702702702702702,1.0,1.0,3.825,3.5428571428571427,1.1714285714285715,1.15625,1.3076923076923077,1.1282051282051282,1.2647058823529411,2.5135135135135136,1.0,2.1176470588235294,1.9444444444444444,1.1578947368421053,1.1,1.0512820512820513,1.0,1.0526315789473684,3.6176470588235294,1.05,1.8888888888888888,1.4594594594594594,1.1714285714285715,2.1315789473684212,2.230769230769231,2.1818181818181817,1.7575757575757576,1.7297297297297298,1.5,1.3846153846153846,1.225,3.9166666666666665,2.111111111111111,1.0,2.25,1.0555555555555556,1.8461538461538463,1.4516129032258065,2.8823529411764706,1.3,1.0,1.0588235294117647,3.6363636363636362,4.135135135135135,1.25,1.375,1.6486486486486487,1.8421052631578947,1.8529411764705883,1.7567567567567568,1.9722222222222223,1.0833333333333333,2.515151515151515,1.2564102564102564,1.263157894736842,2.5161290322580645,1.8461538461538463,1.4444444444444444,1.7058823529411764,2.25,1.4,1.5,1.2894736842105263,1.2105263157894737,1.2162162162162162,1.3157894736842106,1.5142857142857142,2.4324324324324325,3.075,2.3684210526315788,1.162162162162162,1.9743589743589745,2.4210526315789473,1.05,1.763157894736842,1.9722222222222223,1.6571428571428573,1.1538461538461537,1.3783783783783783,1.3055555555555556,1.4594594594594594,1.4324324324324325,4.378378378378378,1.0,1.0,2.3529411764705883,1.6756756756756757,1.2777777777777777,1.5526315789473684,2.054054054054054,1.8157894736842106,1.2777777777777777,2.5588235294117645,1.1923076923076923,1.075,1.1025641025641026,3.0,1.5,2.033333333333333,1.8333333333333333,3.259259259259259,1.3846153846153846,1.2222222222222223,1.8529411764705883,3.6216216216216215,1.606060606060606,2.586206896551724,2.3783783783783785,1.5789473684210527,1.4615384615384615,1.121212121212121,1.0,1.75,1.0,1.2285714285714286,1.1538461538461537,3.90625,2.914285714285714,1.205128205128205,2.966666666666667,1.2121212121212122,3.2972972972972974,1.7666666666666666,1.175,1.7222222222222223,1.606060606060606,1.6857142857142857,2.0,1.5263157894736843,2.057142857142857,1.2121212121212122,1.0294117647058822,1.3157894736842106,1.1891891891891893,1.0294117647058822,1.925,1.75,3.3870967741935485,1.0256410256410255,1.7692307692307692,1.1538461538461537,1.7894736842105263,1.3428571428571427,1.1282051282051282,2.272727272727273,3.27027027027027,1.0,1.4444444444444444,1.135135135135135,1.7352941176470589,1.2972972972972974,4.324324324324325,1.8108108108108107,1.0512820512820513,1.125,1.225,1.0,2.5428571428571427,2.057142857142857,1.2903225806451613,1.9714285714285715,1.9375,1.5555555555555556,1.7058823529411764,1.3243243243243243,1.3157894736842106,2.289473684210526,1.1081081081081081,1.2121212121212122,4.473684210526316,1.2,1.9259259259259258,2.871794871794872,1.28125,2.6774193548387095,1.0,2.2058823529411766,1.1176470588235294,1.0526315789473684,1.2432432432432432,1.1538461538461537,1.5263157894736843,1.2162162162162162,1.25,2.1315789473684212,1.1,1.7027027027027026,1.0,1.6666666666666667,2.142857142857143,1.736842105263158,2.65,1.6944444444444444,1.542857142857143,1.7586206896551724,1.5,2.411764705882353,2.264705882352941,1.3548387096774193,1.9444444444444444,2.4054054054054053,1.2285714285714286,1.9189189189189189,1.3421052631578947,4.65,2.5,1.3333333333333333,1.08,1.375,1.4666666666666666,1.6578947368421053,1.3157894736842106,3.054054054054054,3.6666666666666665,1.1142857142857143,1.2666666666666666,1.4102564102564104,2.09375,1.4848484848484849,1.2702702702702702,1.105263157894737,1.0833333333333333,1.6176470588235294,1.0,3.303030303030303,1.8918918918918919,1.864864864864865,2.225,1.542857142857143,3.34375,1.1666666666666667,1.1714285714285715,1.434782608695652,1.275,1.6578947368421053,1.7297297297297298,1.1081081081081081,2.6944444444444446,3.5172413793103448,1.075,1.1142857142857143,1.2258064516129032,1.5384615384615385,1.425,1.5833333333333333,1.275,1.1379310344827587,2.533333333333333,2.236842105263158,1.3333333333333333,1.275,1.4333333333333333,1.2105263157894737,1.9444444444444444,2.9393939393939394,1.7105263157894737,1.3823529411764706,1.5,1.9473684210526316,1.025,1.4736842105263157,1.3529411764705883,1.0769230769230769,1.4736842105263157,1.1388888888888888,1.5128205128205128,1.4242424242424243,1.4210526315789473,1.2564102564102564,1.9487179487179487,1.1515151515151516,1.25,1.7894736842105263,1.4102564102564104,1.175,2.6666666666666665,1.9705882352941178,1.8125,1.0,1.3076923076923077,1.1578947368421053,2.735294117647059,3.4074074074074074,1.0571428571428572,1.7272727272727273,2.5277777777777777,3.2972972972972974,1.894736842105263,1.3333333333333333,1.375,1.6666666666666667,2.5,1.8421052631578947,1.4,1.263157894736842,1.1578947368421053,2.575,1.0,1.9444444444444444,2.088235294117647,1.2972972972972974,3.675675675675676,1.9696969696969697,1.9210526315789473,1.411764705882353,1.4210526315789473,2.1944444444444446,1.4166666666666667,2.0789473684210527,1.8717948717948718,3.361111111111111,2.8,1.375,1.1388888888888888,1.1538461538461537,2.081081081081081,1.1578947368421053,2.59375,3.238095238095238,1.368421052631579,1.9428571428571428,1.5,4.027027027027027,3.5384615384615383,1.1142857142857143,1.3333333333333333,3.3846153846153846,2.58974358974359,1.1538461538461537,1.03125,1.5,2.6052631578947367,1.2666666666666666,1.2564102564102564,1.5945945945945945,1.2432432432432432,1.0512820512820513,1.3513513513513513,1.1025641025641026,1.1515151515151516,1.263157894736842,2.3823529411764706,4.371428571428571,1.8888888888888888,1.75,1.5945945945945945,1.5,2.5,1.054054054054054,1.6785714285714286,3.696969696969697,1.0810810810810811,1.2972972972972974,1.1282051282051282,1.0810810810810811,1.375,1.794871794871795,1.8666666666666667,2.5714285714285716,1.2820512820512822,2.210526315789474,3.6857142857142855,2.075,1.1025641025641026,1.9333333333333333,2.075,3.342857142857143,1.0571428571428572,1.0571428571428572,1.0256410256410255,3.0,1.53125,1.3333333333333333,1.6,1.5142857142857142,1.6538461538461537,1.4,1.175,3.1142857142857143,2.4411764705882355,3.025,2.5,2.03125,1.2162162162162162,2.675675675675676,1.4545454545454546,2.0714285714285716,3.142857142857143,1.0,1.1388888888888888,3.108108108108108,1.3793103448275863,3.2162162162162162,1.3529411764705883,2.3947368421052633,2.3157894736842106,1.4411764705882353,1.3421052631578947,1.3125,1.0909090909090908,1.1025641025641026,1.3611111111111112,4.114285714285714,1.3157894736842106,1.9189189189189189,2.973684210526316,1.3333333333333333,2.3846153846153846,2.8947368421052633,1.5135135135135136,1.3421052631578947,2.2857142857142856,1.4615384615384615,3.5,1.25,1.3823529411764706,2.2777777777777777,3.1052631578947367,2.5833333333333335,1.2105263157894737,1.5128205128205128,1.3888888888888888,2.5945945945945947,1.6176470588235294,1.8421052631578947,1.4473684210526316,1.0769230769230769,1.3846153846153846,2.7083333333333335,3.125
gpt4,4.5,1.25,2.35,4.75,2.85,2.3,1.0,1.0,3.9,1.7,4.6,2.05,4.85,5.0,1.0,2.0,1.5,1.7,4.75,2.2,1.2,1.0,1.85,1.25,2.0,2.0,1.95,2.2,1.0,2.35,4.85,4.7,4.05,2.0,1.0,3.45,4.65,3.0,1.1,2.9,4.7,4.4,2.2,3.65,2.15,2.85,1.0,2.7,1.0,2.05,4.25,5.0,2.35,4.35,1.0,1.7,4.85,1.7,1.9,2.15,2.35,4.6,1.0,2.0,1.05,1.0,2.0,5.0,3.95,1.0,1.0,1.1,1.4,3.65,5.0,3.05,3.3,5.0,2.2,5.0,1.0,1.2,1.8,3.25,1.45,2.1,5.0,1.45,4.15,1.0,3.0,4.9,4.3,2.35,2.35,1.0,1.0,1.35,4.25,1.0,2.95,1.4,1.4,3.5,2.6,2.15,4.2,2.0,1.0,5.0,1.05,5.0,2.25,1.0,1.0,1.2,4.5,1.25,2.75,1.0,1.95,1.0,3.65,5.0,2.15,1.1,2.0,1.95,2.3,3.8,1.9,1.95,1.0,1.6,1.0,2.1,4.9,1.6,2.75,4.95,4.95,2.1,1.8,3.3,2.1,2.0,1.0,3.15,4.9,1.05,1.9,2.45,2.5,4.85,1.0,4.85,5.0,1.0,2.05,1.6,2.0,2.7,4.0,1.0,1.0,2.15,1.85,4.6,2.1,1.0,1.95,4.9,3.7,1.0,1.65,1.0,4.75,1.0,1.0,4.0,2.45,4.75,2.95,5.0,4.0,2.4,2.3,5.0,3.35,3.7,3.0,1.0,1.75,2.0,1.0,1.9,2.0,2.6,1.0,5.0,2.0,2.9,4.35,2.0,3.45,4.25,4.9,3.2,4.0,2.9,4.1,1.9,4.0,1.0,1.05,4.65,1.6,4.7,1.35,2.2,1.0,3.65,2.15,1.0,3.95,4.6,1.0,1.0,2.25,4.6,2.4,3.7,1.0,1.0,1.65,1.0,1.95,4.7,1.6,4.85,4.0,1.35,3.1,2.85,4.6,1.25,4.05,1.2,5.0,4.7,1.0,1.8571428571428572,3.45,2.2,4.0,1.0,4.75,1.05,1.0,2.55,1.65,1.25,1.0,1.7,2.0,1.0,4.95,1.1,1.65,2.9,2.0,3.8,4.4,1.2,3.55,2.0,4.9,5.0,1.5,1.4,2.0,2.7,3.05,3.6,4.45,3.9,4.1,3.5,2.85,1.5,1.75,4.15,2.7,3.05,1.85,1.2,1.0,2.0,1.0,4.6,1.0,2.6,1.7,1.1,2.55,4.0,1.95,3.5,1.95,3.65,2.05,3.7,4.7,1.9,2.7,3.7,4.4,2.2,4.75,1.0,1.0,1.85,4.95,2.0,1.05,1.4,2.95,4.15,1.1,2.0,3.8,1.1,2.2,4.0,4.1,3.85,2.7,2.6,4.25,1.15,1.75,1.1,1.0,1.0,1.0,2.0,3.2,1.85,3.7,1.05,4.75,3.6,1.25,1.1,1.0,1.8,3.1,4.65,1.05,3.7,2.0,4.95,4.05,1.05,3.95,5.0,1.95,3.95,3.75,1.0,1.75,1.65,2.0,2.2,1.0,1.7,5.0,1.0,4.2,1.5,1.0,3.8,2.65,4.4,2.0,4.9,4.95,2.3,4.9,2.55,2.55,2.8,1.0,1.0,1.0,2.5,1.0,4.6,4.2,1.6,4.5,3.1,5.0,4.05,2.95,3.15,3.55,4.25,3.05,1.0,1.0,2.0,1.0,5.0,1.05,5.0,1.8,1.9,1.9,2.7,1.25,4.75,4.95,5.0,2.4,1.0,1.0,2.05,1.0,4.9,4.85,1.75,1.05,1.65,1.05,4.5,2.7,2.85,2.4,1.3,4.05,1.0,4.75,2.25,4.25,1.05,4.05,1.1,2.9,1.55,4.6,2.35,1.0,2.1,2.55,1.55,2.05,1.9,1.6,5.0,3.05,3.5,4.6,2.4,4.1,3.9,2.15,2.0,2.0,1.0,4.0,2.85,3.85,3.4,2.4,4.25,3.3,1.3,4.2,4.1,1.3,1.5,3.2,1.05,2.3,4.8,2.35,1.55,4.0,1.35,1.85,2.0,1.7,2.9,2.25,1.0,2.1,3.05,2.1,4.15,4.85,1.2,4.7,1.6,4.4,2.1,3.4,1.0,3.8,4.0
deepseek_small,3.1315789473684212,2.9210526315789473,1.9736842105263157,3.6,2.5,2.236842105263158,1.3333333333333333,1.4473684210526316,1.5128205128205128,2.4358974358974357,3.1666666666666665,2.212121212121212,3.6842105263157894,4.378378378378378,2.0256410256410255,2.4285714285714284,1.7179487179487178,1.8,4.323529411764706,2.6486486486486487,1.6571428571428573,2.2051282051282053,1.8387096774193548,1.864864864864865,1.3243243243243243,2.7837837837837838,2.6176470588235294,2.193548387096774,2.175,1.9473684210526316,4.25,2.1666666666666665,3.28125,1.962962962962963,1.225,2.6666666666666665,2.5142857142857142,2.473684210526316,1.6153846153846154,3.736842105263158,2.473684210526316,3.4571428571428573,3.1515151515151514,2.5,1.78125,3.0285714285714285,1.1578947368421053,1.6571428571428573,1.875,2.7837837837837838,3.3947368421052633,2.5625,2.236842105263158,3.588235294117647,1.3513513513513513,2.2941176470588234,1.794871794871795,1.5128205128205128,2.230769230769231,1.375,1.8888888888888888,3.5625,3.210526315789474,2.121212121212121,1.9473684210526316,1.0789473684210527,2.111111111111111,3.0,3.0,3.769230769230769,2.0294117647058822,2.7142857142857144,2.361111111111111,1.9736842105263157,5.0,3.4857142857142858,2.242424242424242,2.7857142857142856,2.142857142857143,3.96875,1.5897435897435896,2.210526315789474,2.6578947368421053,3.4166666666666665,2.1818181818181817,2.2051282051282053,3.9743589743589745,2.948717948717949,2.789473684210526,2.6,2.2777777777777777,3.7222222222222223,3.7857142857142856,2.263157894736842,1.6486486486486487,1.275,1.4473684210526316,1.894736842105263,3.966666666666667,1.0769230769230769,3.5294117647058822,2.4210526315789473,1.4411764705882353,2.9722222222222223,2.3142857142857145,3.2432432432432434,3.193548387096774,1.9444444444444444,1.9210526315789473,3.135135135135135,1.5454545454545454,3.75,3.1052631578947367,1.054054054054054,2.71875,1.5384615384615385,3.1142857142857143,1.868421052631579,3.8275862068965516,1.394736842105263,3.263157894736842,1.9696969696969697,2.638888888888889,2.2432432432432434,1.5294117647058822,1.8611111111111112,1.7894736842105263,1.7272727272727273,3.1315789473684212,1.9210526315789473,2.473684210526316,2.111111111111111,1.5517241379310345,1.5,1.8717948717948718,3.5945945945945947,1.8857142857142857,1.7333333333333334,2.057142857142857,3.4615384615384617,2.774193548387097,2.193548387096774,2.0,3.0526315789473686,1.7105263157894737,1.9210526315789473,1.9487179487179487,2.7837837837837838,3.8421052631578947,1.7567567567567568,2.3947368421052633,3.4054054054054053,2.138888888888889,1.9714285714285715,2.0,3.742857142857143,3.7857142857142856,1.0789473684210527,2.4705882352941178,2.272727272727273,1.7297297297297298,2.4054054054054053,4.153846153846154,1.2820512820512822,1.3333333333333333,2.4054054054054053,2.25,2.9393939393939394,2.2857142857142856,1.4615384615384615,2.6923076923076925,3.2432432432432434,2.466666666666667,1.125,1.225,1.8285714285714285,3.871794871794872,1.8918918918918919,2.5135135135135136,3.3783783783783785,1.4864864864864864,3.0,2.6923076923076925,4.0,3.411764705882353,1.6216216216216217,3.675,3.8421052631578947,2.914285714285714,2.4473684210526314,2.388888888888889,1.6129032258064515,1.945945945945946,1.2307692307692308,2.1052631578947367,1.6857142857142857,3.3548387096774195,4.0,2.4473684210526314,3.175,1.945945945945946,3.272727272727273,4.076923076923077,1.7777777777777777,3.111111111111111,3.8947368421052633,4.3428571428571425,2.5185185185185186,3.027027027027027,2.696969696969697,2.2222222222222223,2.135135135135135,2.875,2.1794871794871793,1.162162162162162,1.6176470588235294,2.25,3.473684210526316,1.631578947368421,3.225806451612903,2.0285714285714285,2.8055555555555554,1.6111111111111112,1.4324324324324325,3.0,3.15,1.3076923076923077,1.9210526315789473,2.358974358974359,3.8947368421052633,1.3714285714285714,3.8333333333333335,2.5142857142857142,1.0,1.6,1.8064516129032258,2.3055555555555554,3.7027027027027026,2.0,4.257142857142857,2.9696969696969697,1.65625,3.1315789473684212,2.9210526315789473,3.4444444444444446,1.763157894736842,3.25,1.8918918918918919,2.5135135135135136,4.2631578947368425,1.6923076923076923,2.3333333333333335,2.5641025641025643,1.9142857142857144,3.05,1.2352941176470589,2.8947368421052633,1.131578947368421,1.3333333333333333,2.210526315789474,2.27027027027027,2.5714285714285716,2.5,1.9444444444444444,2.4358974358974357,1.2894736842105263,3.413793103448276,1.1282051282051282,1.8108108108108107,3.5,2.875,4.0,2.4324324324324325,2.5675675675675675,2.2432432432432434,1.6923076923076923,3.861111111111111,2.9210526315789473,2.0789473684210527,2.230769230769231,2.5135135135135136,1.3823529411764706,3.6315789473684212,2.9444444444444446,4.216216216216216,2.4324324324324325,3.282051282051282,2.7857142857142856,3.3076923076923075,1.9705882352941178,2.8285714285714287,4.324324324324325,3.4594594594594597,3.25,1.2894736842105263,1.9230769230769231,1.4054054054054055,3.2333333333333334,2.638888888888889,3.4571428571428573,1.2121212121212122,2.3513513513513513,3.0285714285714285,2.2777777777777777,3.6315789473684212,2.3214285714285716,2.026315789473684,3.1794871794871793,2.1142857142857143,3.1666666666666665,2.375,1.9142857142857144,3.823529411764706,2.0,1.631578947368421,2.3214285714285716,2.7948717948717947,2.5,4.394736842105263,1.7352941176470589,1.8709677419354838,3.6333333333333333,4.2894736842105265,2.1315789473684212,1.4444444444444444,2.3333333333333335,1.6206896551724137,2.8378378378378377,2.4864864864864864,1.6666666666666667,2.4,2.324324324324324,1.325,2.861111111111111,3.9166666666666665,3.8823529411764706,2.324324324324324,3.057142857142857,3.6486486486486487,1.3421052631578947,1.6578947368421053,2.515151515151515,1.4210526315789473,1.7692307692307692,1.25,2.1025641025641026,1.837837837837838,1.65625,2.8333333333333335,2.473684210526316,2.3333333333333335,2.5277777777777777,3.257142857142857,2.6486486486486487,1.4871794871794872,3.1538461538461537,3.176470588235294,4.454545454545454,1.3055555555555556,3.210526315789474,1.9714285714285715,3.891891891891892,3.6923076923076925,1.205128205128205,2.210526315789474,4.973684210526316,2.9375,2.942857142857143,2.3714285714285714,2.0,1.8108108108108107,3.8974358974358974,2.4324324324324325,2.736842105263158,1.794871794871795,2.189189189189189,3.2285714285714286,2.1052631578947367,3.5405405405405403,2.864864864864865,1.435897435897436,3.8378378378378377,1.9487179487179487,2.2432432432432434,2.3947368421052633,2.6666666666666665,4.447368421052632,2.0,4.657894736842105,2.5384615384615383,3.0277777777777777,2.6,2.138888888888889,1.4473684210526316,2.5142857142857142,2.7777777777777777,1.6486486486486487,3.8974358974358974,4.2631578947368425,2.764705882352941,4.594594594594595,2.7058823529411766,4.615384615384615,3.6666666666666665,2.5789473684210527,2.0,3.0285714285714285,3.935483870967742,1.6486486486486487,1.5135135135135136,1.7777777777777777,3.6666666666666665,2.6,3.0,2.638888888888889,2.5806451612903225,2.6666666666666665,2.0526315789473686,2.1724137931034484,1.9696969696969697,2.0,2.625,4.410256410256411,4.264705882352941,2.5555555555555554,2.189189189189189,2.108108108108108,3.257142857142857,3.111111111111111,3.361111111111111,4.2894736842105265,2.5714285714285716,1.7027027027027026,1.5263157894736843,1.2105263157894737,2.9444444444444446,3.6486486486486487,2.4411764705882355,3.8181818181818183,2.4375,3.0555555555555554,3.175,3.2777777777777777,1.7058823529411764,2.6666666666666665,2.051282051282051,2.75,2.0256410256410255,2.5555555555555554,1.0769230769230769,3.1538461538461537,3.3333333333333335,2.4324324324324325,2.25,3.1794871794871793,1.794871794871795,1.911764705882353,2.03125,2.742857142857143,4.487179487179487,3.4444444444444446,2.5405405405405403,3.081081081081081,1.7878787878787878,3.189189189189189,1.736842105263158,2.6315789473684212,3.289473684210526,1.7105263157894737,1.6666666666666667,2.325,2.764705882352941,3.3421052631578947,3.225,2.8947368421052633,1.7647058823529411,1.564102564102564,2.081081081081081,2.473684210526316,2.3448275862068964,2.25,2.2051282051282053,2.764705882352941,1.4736842105263157,2.6875,4.025,3.3846153846153846,3.4,3.324324324324324,1.9,3.2432432432432434,2.25,2.0277777777777777,3.388888888888889,1.8611111111111112,2.025,2.6285714285714286,3.526315789473684,3.2051282051282053,2.4571428571428573,3.75,1.8918918918918919,3.533333333333333,2.8484848484848486,3.3142857142857145,1.9210526315789473,3.111111111111111,1.3783783783783783,2.8333333333333335,3.3513513513513513
deepseek,3.7,2.95,1.75,4.05,1.85,2.8,1.15,1.4,1.6,1.6,3.0,1.6,4.15,4.4,1.3,2.0,1.35,1.4,4.05,2.5,1.7,1.15,1.9,1.1,2.0,1.75,1.95,2.5,1.55,2.35,4.15,2.95,4.75,1.95,1.15,2.95,2.45,2.0,1.65,3.25,2.3,4.1,2.25,2.75,2.05,3.05,1.05,1.9,1.75,3.05,3.15,4.0,2.2,3.75,1.05,1.45,2.95,2.3,2.2,1.95,2.2,4.0,1.85,1.75,2.5,1.15,3.3,2.6,2.5,1.3,2.35,1.7,1.7,2.85,5.0,4.05,2.6,2.1,2.35,4.15,1.0,1.75,2.5,2.4,2.35,3.5,1.7,2.55,2.25,2.0,4.6,3.75,2.7,2.15,1.2,1.1,1.05,2.1,4.0,1.05,2.55,1.2,1.5,3.9,1.85,3.9,2.1,2.15,1.75,4.6,1.7,4.45,2.8,1.4,2.0,1.85,3.05,2.25,3.0,1.5,2.15,1.85,2.75,5.0,2.0,1.35,2.1,1.35,2.15,2.9,2.55,2.55,1.0,2.15,1.35,2.1,2.75,1.85,1.95,3.85,4.15,2.0,1.9,2.8,2.15,2.4,1.5,2.45,3.75,2.05,1.6,3.8,3.1,3.1,1.55,4.6,3.4,1.05,2.0,2.25,1.9,3.45,4.0,1.7,1.35,2.85,2.0,2.65,1.9,1.15,2.0,3.8,2.75,1.05,1.35,1.0,3.25,1.35,1.85,3.3,1.95,3.05,2.3,3.8,3.2,3.65,2.5,3.4,2.9,3.2,2.05,1.2,2.4,2.8,1.8,1.7,2.05,3.85,1.85,4.25,1.95,2.2,4.2,1.6,2.1,3.15,4.55,2.6,3.9,3.1,2.0,2.25,2.0,1.85,1.25,3.7,2.2,3.15,1.5,3.55,1.35,1.65,1.05,1.2,2.85,3.45,1.45,1.85,1.9,4.15,2.25,3.55,1.5,1.3,1.7,1.4,2.05,2.95,1.95,4.45,3.05,1.65,2.95,2.25,4.45,1.9,3.65,1.35,2.1,4.6,1.05,2.95,4.0,1.7,3.25,1.05,3.95,1.1,1.55,2.2,1.95,1.75,2.3,2.2,2.3,1.65,3.95,1.0,2.05,2.25,2.0,3.45,4.1,2.3,2.05,2.9,4.2,4.7,1.75,1.8,2.15,2.15,3.5,2.5,4.8,3.4,3.0,2.8,3.55,3.25,1.05,3.8,3.7,2.6,2.15,2.5,1.0,2.65,1.05,3.6,1.25,3.15,2.95,1.9,2.95,2.6,1.85,3.55,2.7,3.0,1.5,3.0,3.2,3.2,2.65,2.65,4.0,2.95,4.65,1.65,1.45,2.3,4.0,2.0,1.15,1.95,2.65,3.2,2.75,2.05,2.65,1.7,1.75,2.3,3.85,3.1,3.8,2.35,3.65,1.95,2.1,1.85,1.0,1.05,1.15,2.0,2.2,2.05,2.15,2.25,2.35,2.95,1.8,1.45,1.15,2.0,2.45,3.95,1.3,3.25,2.1,4.7,3.75,1.6,2.4,4.9,3.65,2.15,2.35,1.55,1.8,2.65,2.1,2.3,1.05,1.9,2.25,2.2,3.85,1.6,1.45,3.95,1.6,3.95,2.2,3.8,3.7,2.95,4.35,2.3,1.75,2.85,1.4,1.05,1.4,3.6,1.7,3.4,4.0,1.95,3.4,3.25,4.8,3.7,2.55,1.95,3.75,3.25,2.8,2.0,1.1,2.7,1.0,2.85,1.85,4.6,2.3,2.3,1.35,2.6,1.85,4.2,4.45,4.2,3.25,1.5,2.0,2.8,1.1,2.75,4.2,2.3,1.8,1.75,1.35,3.0,3.8,2.85,2.9,1.9,3.85,2.35,4.2,1.3,2.8,2.0,3.15,2.0,2.45,1.85,2.95,3.15,1.25,2.55,2.8,1.6,2.25,2.0,1.85,4.5,2.9,2.7,2.9,1.95,3.7,3.05,2.0,3.5,1.7894736842105263,1.7,2.7,2.25,2.7,2.55,3.3,3.9,2.05,1.1,2.45,2.55,2.0,2.05,1.4,1.65,2.95,4.1,1.95,3.25,3.1,2.1,1.95,2.1,2.0,3.15,2.2,1.65,2.65,3.75,2.35,2.8,4.0,2.0,3.25,3.15,3.5,2.5,1.85,1.15,2.1,3.4
grok,3.15,1.5,1.8,3.15,2.35,2.4,1.0,1.15,1.6,2.3,2.15,1.9,3.55,5.0,1.85,1.95,1.3,1.6,4.3,2.5,1.4,1.5,1.95,1.25,2.4,1.4,1.4,2.75,1.7,2.45,3.35,2.3,3.75,1.45,1.1,2.9,2.85,2.75,1.0,2.6,2.5,3.3,2.25,3.1,2.3,2.4,1.1,1.65,1.0,2.55,2.5,1.7,2.5,3.55,1.0,1.0,3.1,1.65,1.7,3.7,1.3,3.4,2.8,1.6,2.2,1.0,1.55,2.55,1.95,1.5,1.25,1.35,1.55,2.9,4.95,3.4,2.5,2.05,1.75,3.55,1.0,1.5,1.95,1.7,1.85,2.45,2.4,2.1,2.65,1.55,2.8,3.05,1.95,2.45,1.35,1.05,1.0,1.2,3.75,1.05,2.4,1.4,1.1,3.15,1.4,3.5,4.0,2.35,1.75,4.2,1.5,4.4,3.0,1.45,1.35,1.45,3.75,1.35,2.95,2.35,2.55,1.15,1.85,3.45,1.95,1.1,2.3,1.45,3.25,3.35,1.75,1.75,1.5,1.5,1.35,1.65,2.15,1.1,2.65,2.75,3.75,2.1,2.1,2.85,1.0,1.8,1.15,2.6,2.8,2.2,1.5,2.6,3.35,3.15,1.9,3.15,3.8,1.0,2.55,1.75,1.35,2.9,3.6,1.05,1.1,3.55,1.6,4.05,2.2,1.1,1.9,2.55,3.3,1.0,1.05,1.2,2.65,1.15,1.5,2.2,1.6,3.3,1.5,2.95,1.6,2.5,2.65,3.5,2.7,3.5,2.05,1.0,1.8,1.85,1.2,1.95,1.95,1.9,1.45,4.55,1.5,3.3,4.1,1.8,2.2,3.25,4.7,3.05,3.0,2.2,1.8,1.6,1.85,1.9,1.05,3.0,1.2,3.8,1.75,1.9,1.15,2.35,1.2,1.0,1.8,2.25,1.15,1.95,1.7,3.85,1.05,3.25,1.4,1.15,1.0,1.1,1.65,2.5,1.95,4.65,2.4,1.6,1.55,2.1,3.95,2.1,2.7,1.45,1.5,3.6,1.15,3.1,3.35,1.65,2.85,1.0,3.3,1.25,1.25,2.4,2.5,1.6,2.1,1.25,1.95,1.2,2.4,1.05,1.85,2.1,1.85,3.9,3.15,2.2,1.25,2.05,3.95,4.4,1.45,1.75,1.15,2.0,1.75,2.2,4.3,2.55,3.55,2.65,2.15,2.4,1.95,3.2,3.0,3.05,1.35,1.3,1.15,1.75,1.05,3.3,1.05,2.25,2.65,1.35,2.65,2.1,2.8,3.5,1.6,2.15,1.65,2.55,3.05,2.15,2.45,2.65,1.55,2.4,3.1,1.1,1.1,3.3,3.35,1.1,1.2,1.75,2.0,2.75,2.25,1.05,2.15,1.3,1.55,1.65,4.1,2.6,3.25,2.85,3.75,1.4,2.9,2.1,1.0,1.25,1.1,1.75,1.6,1.5,1.95,1.9,1.9,2.2,1.55,2.0,1.1,2.05,2.45,4.45,1.6,1.55,1.6,4.2,3.85,1.55,2.85,4.55,1.9,2.65,2.1,1.25,1.95,2.7,2.15,2.4,1.1,1.5,1.25,1.3,2.75,1.7,1.05,3.9,1.8,3.25,2.0,3.1,4.1,2.2,3.45,2.9,2.55,2.85,1.3,1.25,1.0,3.1,1.15,3.35,4.15,2.4,2.85,2.45,4.9,3.75,1.7,1.65,3.3,3.1,1.4,1.4,1.0,3.4,1.15,2.45,1.2,3.1,1.9,1.5,1.55,2.6,2.0,3.35,4.7,4.35,2.15,1.6,1.55,2.2,1.4,2.6,4.9,1.6,1.55,1.7,1.3,3.15,2.7,1.65,2.45,2.15,2.45,1.75,3.6,1.05,1.4,1.4,2.5,1.45,2.1,1.45,2.3,2.65,1.2,1.85,2.45,1.65,2.1,1.7,1.7,4.3,2.95,1.9,2.4,2.05,2.9,2.05,2.25,2.05,1.9,1.1,3.0,1.95,2.95,2.55,3.6,2.85,1.55,1.3,1.85,2.3,2.05,1.7,3.25,1.15,2.15,3.75,2.5,3.3,2.8,1.8,1.75,2.15,2.05,2.95,1.45,2.05,1.1,3.1,2.5,3.5,2.4,1.35,3.2,2.0,3.2,1.75,2.35,1.3,2.4,3.4
llama3_big,4.782608695652174,4.147058823529412,1.9722222222222223,4.666666666666667,3.5,3.0588235294117645,1.027027027027027,1.608695652173913,2.413793103448276,2.6551724137931036,3.4054054054054053,1.6388888888888888,3.8285714285714287,4.181818181818182,1.8461538461538463,2.0606060606060606,1.15625,1.1724137931034482,4.9714285714285715,2.411764705882353,1.5277777777777777,1.4473684210526316,2.3823529411764706,1.3055555555555556,2.138888888888889,1.5789473684210527,2.5714285714285716,2.2,1.9189189189189189,2.75,5.0,2.264705882352941,3.085714285714286,1.5833333333333333,1.0,3.0526315789473686,3.5517241379310347,2.4193548387096775,1.1176470588235294,2.6,2.4642857142857144,3.53125,2.9375,3.2,1.6666666666666667,3.6666666666666665,1.2702702702702702,3.3076923076923075,1.9189189189189189,2.857142857142857,4.133333333333334,4.527777777777778,1.5142857142857142,3.588235294117647,1.0,1.3157894736842106,4.428571428571429,1.793103448275862,2.0952380952380953,2.142857142857143,2.1379310344827585,4.066666666666666,4.6,2.05,1.606060606060606,1.4615384615384615,2.081081081081081,4.5,3.193548387096774,1.911764705882353,1.5128205128205128,1.1944444444444444,2.3448275862068964,2.4411764705882355,5.0,4.5588235294117645,2.689655172413793,2.3125,2.8285714285714287,4.057142857142857,1.0,1.2285714285714286,3.088235294117647,2.611111111111111,2.0,2.972972972972973,3.7567567567567566,3.1714285714285713,3.75,3.1875,1.4137931034482758,4.916666666666667,3.1666666666666665,3.0,1.2424242424242424,1.3928571428571428,1.5161290322580645,1.4666666666666666,4.421052631578948,1.3448275862068966,3.7837837837837838,1.8620689655172413,2.7714285714285714,4.388888888888889,2.52,4.379310344827586,1.2564102564102564,1.4,1.4848484848484849,4.4375,1.3,4.555555555555555,4.702702702702703,1.1428571428571428,2.0526315789473686,2.8846153846153846,3.12,1.0769230769230769,4.1875,1.44,2.1578947368421053,1.8857142857142857,2.3333333333333335,4.9375,1.8275862068965518,1.0,2.361111111111111,2.676470588235294,3.787878787878788,2.6206896551724137,2.78125,1.6666666666666667,2.3666666666666667,1.736842105263158,1.9666666666666666,1.6666666666666667,2.71875,1.7428571428571429,2.2972972972972974,4.107142857142857,3.393939393939394,2.242424242424242,1.1428571428571428,3.8181818181818183,1.4054054054054055,1.6,3.6451612903225805,2.6875,4.947368421052632,2.41025641025641,1.5945945945945945,2.275,4.17948717948718,3.225806451612903,1.9230769230769231,4.514285714285714,4.7894736842105265,1.0,2.4,1.7142857142857142,1.4545454545454546,2.607142857142857,4.973684210526316,2.108108108108108,1.027027027027027,1.5454545454545454,1.9230769230769231,3.6285714285714286,2.6176470588235294,1.1714285714285715,3.085714285714286,3.4516129032258065,4.925,1.4210526315789473,1.393939393939394,1.6666666666666667,4.6521739130434785,1.3076923076923077,4.137931034482759,4.419354838709677,1.2777777777777777,4.75,2.3214285714285716,3.484848484848485,4.888888888888889,1.3714285714285714,2.918918918918919,4.078947368421052,4.517241379310345,4.324324324324325,2.108108108108108,1.8461538461538463,1.2727272727272727,1.1,1.8214285714285714,1.5833333333333333,4.315789473684211,4.837837837837838,1.1891891891891893,4.771428571428571,1.8928571428571428,3.825,4.916666666666667,1.1388888888888888,3.121212121212121,4.0,4.945945945945946,3.625,4.962962962962963,2.6206896551724137,1.7777777777777777,3.4827586206896552,3.34375,2.0,1.0,5.0,2.0714285714285716,3.8125,1.96,3.7941176470588234,2.1142857142857143,4.137931034482759,2.2580645161290325,1.1818181818181819,4.733333333333333,4.055555555555555,1.1875,2.0625,2.0277777777777777,4.909090909090909,1.8857142857142857,4.325,1.2903225806451613,1.0,1.054054054054054,1.2941176470588236,2.40625,4.7407407407407405,2.727272727272727,3.6785714285714284,3.810810810810811,2.3714285714285714,3.0303030303030303,2.1142857142857143,4.9411764705882355,1.4545454545454546,4.515151515151516,1.6129032258064515,2.870967741935484,5.0,1.1428571428571428,3.6666666666666665,3.064516129032258,1.3870967741935485,3.0,1.105263157894737,4.742857142857143,1.6296296296296295,1.0833333333333333,3.6666666666666665,2.8636363636363638,2.0,3.903225806451613,1.4285714285714286,1.5675675675675675,1.4411764705882353,3.9705882352941178,1.03125,2.7027027027027026,2.764705882352941,2.625,4.526315789473684,4.384615384615385,2.0,2.787878787878788,2.2758620689655173,4.8,4.864864864864865,1.8857142857142857,2.5588235294117645,2.1944444444444446,1.5,1.5588235294117647,3.323529411764706,3.0555555555555554,2.96,3.4,3.1481481481481484,3.8421052631578947,3.935483870967742,1.52,4.392857142857143,1.6578947368421053,2.515151515151515,1.2258064516129032,2.6,1.9565217391304348,4.078947368421052,1.793103448275862,4.666666666666667,1.4444444444444444,2.625,4.552631578947368,2.7037037037037037,4.733333333333333,4.942857142857143,2.0434782608695654,4.151515151515151,1.5128205128205128,4.96875,1.6666666666666667,2.3333333333333335,3.3142857142857145,2.933333333333333,1.2592592592592593,2.4210526315789473,2.8,2.878787878787879,3.875,1.28125,2.263157894736842,3.5625,4.54054054054054,2.3142857142857145,3.5555555555555554,1.8611111111111112,2.6666666666666665,3.892857142857143,3.6818181818181817,2.129032258064516,4.16,1.8108108108108107,1.411764705882353,3.6666666666666665,4.821428571428571,4.722222222222222,3.9,3.4571428571428573,4.128205128205129,1.6571428571428573,1.2972972972972974,2.3142857142857145,1.0357142857142858,1.7272727272727273,1.0789473684210527,1.8461538461538463,3.6551724137931036,2.054054054054054,2.8333333333333335,3.2666666666666666,1.4545454545454546,2.727272727272727,3.787878787878788,2.0384615384615383,1.15625,2.769230769230769,4.1875,5.0,1.5833333333333333,2.1875,1.3235294117647058,4.862068965517241,4.351351351351352,1.2727272727272727,2.303030303030303,5.0,3.675675675675676,2.789473684210526,1.9705882352941178,3.051282051282051,1.9333333333333333,4.470588235294118,2.026315789473684,3.5142857142857142,1.631578947368421,1.1842105263157894,4.631578947368421,1.6,4.40625,2.0588235294117645,1.2272727272727273,3.8285714285714287,1.65625,4.428571428571429,3.911764705882353,4.741935483870968,3.8378378378378377,2.0625,5.0,2.3714285714285714,2.909090909090909,3.4571428571428573,2.78125,1.7027027027027026,1.2222222222222223,3.1944444444444446,1.5789473684210527,4.45945945945946,4.942857142857143,1.96875,4.75,3.935483870967742,4.594594594594595,4.162162162162162,3.566666666666667,1.8571428571428572,3.8333333333333335,4.388888888888889,1.25,1.131578947368421,2.075,4.054054054054054,1.9189189189189189,3.5517241379310347,2.026315789473684,4.269230769230769,2.5483870967741935,1.8055555555555556,2.5,2.066666666666667,1.793103448275862,4.8,5.0,4.0285714285714285,4.354838709677419,3.2962962962962963,2.1944444444444446,2.44,1.6206896551724137,3.966666666666667,4.95,1.4736842105263157,1.1428571428571428,1.1111111111111112,1.5714285714285714,4.363636363636363,3.4285714285714284,1.9642857142857142,3.3225806451612905,1.5151515151515151,3.918918918918919,1.631578947368421,4.833333333333333,1.8333333333333333,3.4838709677419355,1.131578947368421,1.7333333333333334,1.4814814814814814,2.4193548387096775,1.2571428571428571,3.875,3.5757575757575757,2.8,3.861111111111111,3.0,1.5757575757575757,2.625,2.769230769230769,2.586206896551724,4.384615384615385,3.4444444444444446,4.705882352941177,3.4857142857142858,1.2,2.588235294117647,2.967741935483871,2.1666666666666665,1.6470588235294117,2.303030303030303,1.027027027027027,2.973684210526316,1.5588235294117647,4.3478260869565215,3.72,3.9393939393939394,3.037037037037037,2.0294117647058822,1.8333333333333333,2.4571428571428573,3.823529411764706,3.5806451612903225,2.4615384615384617,4.897435897435898,1.0740740740740742,4.176470588235294,3.2857142857142856,4.466666666666667,4.861111111111111,3.8055555555555554,2.3333333333333335,3.0,2.0,1.6216216216216217,2.466666666666667,2.411764705882353,2.0285714285714285,1.2580645161290323,4.361111111111111,2.9696969696969697,1.7941176470588236,3.1666666666666665,1.6764705882352942,4.2,3.903225806451613,4.72972972972973,2.033333333333333,3.235294117647059,1.0,2.6666666666666665,3.526315789473684
